timestamp,open,high,low,close,adjusted_close,volume,dividend_amount,split_coefficient
2022-01-14,461.19,465.09,459.9,464.68,464.68,84363989,0,1
2022-01-13,472.21,472.88,463.44,464.54,464.54,79071832,0,1
2022-01-12,471.59,473.2,468.94,471.06,471.06,58775301,0,1
2022-01-11,465.22,469.85,462.05,469.74,469.74,63249917,0,1
2022-01-10,462.7,465.74,456.5973,465.56,465.56,106360848,0,1
2022-01-07,467.95,469.2,464.65,466.12,466.12,67943055,0,1
2022-01-06,467.89,470.82,465.43,467.93,467.93,78577470,0,1
2022-01-05,477.16,477.98,468.2801,468.38,468.38,87411658,0,1
2022-01-04,479.22,479.98,475.58,477.51,477.51,59093344,0,1
2022-01-03,476.32,477.85,473.85,477.76,477.76,56128214,0,1
2021-12-31,475.64,476.86,474.67,474.89,474.89,51212452,0,1
2021-12-30,477.93,479.0,475.67,476.15,476.15,44681636,0,1
2021-12-29,477.0,478.56,475.92,477.46,477.46,47223213,0,1
2021-12-28,477.72,478.81,476.06,476.89,476.89,37370466,0,1
2021-12-27,472.03,477.31,472.01,477.27,477.27,46260198,0,1
2021-12-23,468.75,472.19,468.64,470.58,470.58,47149529,0,1
2021-12-22,462.79,467.81,462.58,467.69,467.69,50038091,0,1
2021-12-21,458.57,463.21,456.31,463.035,463.035,62360339,0,1
2021-12-20,454.44,455.4,451.14,454.99,454.99,85447438,0,1
2021-12-17,461.52,464.74,458.06,459.86,459.86,114632427,0,1
2021-12-16,472.57,472.87,464.8,466.43,466.43,100111230,0,1
2021-12-15,463.42,470.86,460.74,470.58,470.58,97945190,0,1
2021-12-14,463.05,465.74,460.25,463.39,463.39,84376354,0,1
2021-12-13,470.19,470.56,466.27,466.61,466.61,53533452,0,1
2021-12-10,469.23,470.9,466.51,470.72,470.72,64958435,0,1
2021-12-09,468.15,469.6291,466.14,466.34,466.34,54963509,0,1
2021-12-08,468.7,470.0,466.83,469.54,469.54,62917411,0,1
2021-12-07,464.41,468.88,458.6546,468.24,468.24,79124909,0,1
2021-12-06,456.14,460.79,453.56,458.78,458.78,88930961,0,1
2021-12-03,459.17,460.3,448.92,453.43,453.43,124795750,0,1
2021-12-02,450.72,459.07,450.31,457.38,457.38,109873511,0,1
2021-12-01,461.64,464.67,450.29,450.53,450.53,112177764,0,1
2021-11-30,462.0,464.03,455.3,455.78,455.78,126381409,0,1
2021-11-29,464.07,466.56,461.73,464.63,464.63,68239627,0,1
2021-11-26,462.38,463.9,457.77,459.03,459.03,93783057,0,1
2021-11-24,466.06,469.57,465.19,469.37,469.37,54274217,0,1
2021-11-23,467.22,469.095,464.45,468.25,468.25,62851184,0,1
2021-11-22,470.81,473.54,467.35,467.53,467.53,61497941,0,1
2021-11-19,469.61,470.94,468.5,468.91,468.91,49009452,0,1
2021-11-18,469.24,470.01,466.34,469.71,469.71,45100029,0,1
2021-11-17,469.0,469.19,467.48,468.11,468.11,40088372,0,1
2021-11-16,467.16,470.485,467.07,469.24,469.24,41723421,0,1
2021-11-15,468.64,468.81,466.23,467.39,467.39,39813913,0,1
2021-11-12,465.12,467.86,464.11,467.26,467.26,44677612,0,1
2021-11-11,465.21,465.29,463.75,463.81,463.81,31757893,0,1
2021-11-10,465.58,467.38,462.04,463.63,463.63,63500032,0,1
2021-11-09,469.32,469.57,465.88,467.38,467.38,47198095,0,1
2021-11-08,469.7,470.23,468.2031,468.97,468.97,38945705,0,1
2021-11-05,469.28,470.65,466.92,468.49,468.49,56119290,0,1
2021-11-04,465.36,467.0,464.99,466.86,466.86,45729874,0,1
2021-11-03,461.3,465.15,460.83,464.73,464.73,44736952,0,1
2021-11-02,460.21,462.23,460.08,461.87,461.87,41914839,0,1
2021-11-01,460.3,460.7021,458.2,460.08,460.08,41362369,0,1
2021-10-29,455.87,459.56,455.56,459.22,459.22,58813207,0,1
2021-10-28,455.46,458.4,455.45,458.27,458.27,43081788,0,1
2021-10-27,456.45,457.16,453.86,453.92,453.92,48219255,0,1
2021-10-26,457.2,458.49,455.56,455.97,455.97,49865704,0,1
2021-10-25,454.28,455.9,452.39,455.48,455.48,37918548,0,1
2021-10-22,453.13,454.67,451.05,453.13,453.13,50771701,0,1
2021-10-21,451.76,453.829,451.31,453.61,453.61,33945007,0,1
2021-10-20,451.13,452.732,451.01,452.39,452.39,41594298,0,1
2021-10-19,448.92,450.7,448.27,450.68,450.68,40790864,0,1
2021-10-18,443.97,447.55,443.27,447.22,447.22,51994387,0,1
2021-10-15,444.76,446.26,444.09,445.83,445.83,55980388,0,1
2021-10-14,439.08,442.66,438.58,442.47,442.47,59812568,0,1
2021-10-13,434.71,436.05,431.54,435.13,435.13,63943229,0,1
2021-10-12,435.67,436.1,432.78,433.63,433.63,61078594,0,1
2021-10-11,437.16,440.26,434.62,434.67,434.67,54993389,0,1
2021-10-08,439.48,439.89,437.19,437.82,437.82,57510090,0,1
2021-10-07,438.39,441.68,438.2,438.64,438.64,64139858,0,1
2021-10-06,429.27,435.1199,427.54,434.92,434.92,99477866,0,1
2021-10-05,430.24,435.49,429.39,433.05,433.05,82381830,0,1
2021-10-04,433.0,433.96,426.36,428.69,428.69,112134374,0,1
2021-10-01,430.98,436.0329,427.24,434.19,434.19,110774792,0,1
2021-09-30,436.02,436.77,428.78,429.17,429.17,115315276,0,1
2021-09-29,435.19,437.04,433.85,434.44,434.44,69828191,0,1
2021-09-28,439.69,440.04,432.94,433.74,433.74,114959576,0,1
2021-09-27,442.81,444.05,441.9,442.68,442.68,51611925,0,1
2021-09-24,441.44,444.67,441.21,443.92,443.92,52199034,0,1
2021-09-23,439.84,444.89,439.6,443.13,443.13,67408294,0,1
2021-09-22,436.05,440.03,433.747,437.83,437.83,91135278,0,1
2021-09-21,436.53,437.91,433.07,433.67,433.67,82418070,0,1
2021-09-20,434.88,436.56,428.86,434.07,434.07,149948277,0,1
2021-09-17,444.92,445.37,441.02,441.41,441.41,100861596,0,1
2021-09-16,447.32,448.36,444.02,447.14,447.14,69354318,0,1
2021-09-15,444.62,448.41,443.44,447.87,447.87,69265024,0,1
2021-09-14,448.12,448.34,443.22,444.18,444.18,67959711,0,1
2021-09-13,448.65,448.92,444.11,446.56,446.56,75103627,0,1
2021-09-10,451.04,451.49,445.31,445.5,445.5,75763259,0,1
2021-09-09,450.7,452.57,448.72,448.94,448.94,51603442,0,1
2021-09-08,450.89,451.67,448.86,450.96,450.96,50695626,0,1
2021-09-07,452.71,452.81,450.7423,451.52,451.52,46091753,0,1
2021-09-03,451.98,453.63,451.55,453.06,453.06,37843082,0,1
2021-09-02,453.32,454.05,451.91,453.195,453.195,39220785,0,1
2021-09-01,452.58,453.11,451.545,451.81,451.81,42568610,0,1
2021-08-31,452.13,452.49,450.92,451.61,451.61,48724399,0,1
2021-08-30,450.99,453.07,450.71,452.22,452.22,41870839,0,1
2021-08-27,447.12,450.65,447.06,450.19,450.19,54848833,0,1
2021-08-26,448.61,448.86,446.16,446.27,446.27,53455704,0,1
2021-08-25,448.17,449.457,447.77,448.88,448.88,35262175,0,1
2021-08-24,447.97,448.54,447.42,447.95,447.95,33180117,0,1
2021-08-23,445.16,448.23,443.4355,447.26,447.26,49349485,0,1
2021-08-20,440.23,443.71,439.71,443.33,443.33,63120064,0,1
2021-08-19,436.27,441.14,436.12,439.84,439.84,84838725,0,1
2021-08-18,442.96,444.625,438.92,439.21,439.21,70093163,0,1
2021-08-17,444.24,444.96,440.85,444.06,444.06,84161406,0,1
2021-08-16,444.54,447.11,442.87,447.02,447.02,52706914,0,1
2021-08-13,445.59,445.93,445.07,445.9,445.9,32338962,0,1
2021-08-12,443.62,445.2572,442.66,445.08,445.08,34892086,0,1
2021-08-11,443.8,443.882,442.62,443.74,443.74,35841235,0,1
2021-08-10,442.61,443.44,441.88,442.66,442.66,39129442,0,1
2021-08-09,442.45,442.795,441.31,442.14,442.14,32740524,0,1
2021-08-06,442.1,442.94,441.8,442.52,442.52,40274051,0,1
2021-08-05,440.22,441.85,439.88,441.77,441.77,34903127,0,1
2021-08-04,439.77,441.1243,438.73,439.01,439.01,40289514,0,1
2021-08-03,438.44,441.28,436.1,441.12,441.12,52043386,0,1
2021-08-02,440.34,440.93,437.21,437.58,437.58,54098311,0,1
2021-07-30,437.91,440.06,437.77,438.49,438.49,56594282,0,1
2021-07-29,439.83,441.8,439.81,440.67,440.67,40930880,0,1
2021-07-28,439.68,440.3,437.31,438.84,438.84,47642330,0,1
2021-07-27,439.91,439.94,435.99,439.0,439.0,61032234,0,1
2021-07-26,439.31,441.03,439.26,440.99,440.99,40155852,0,1
2021-07-23,437.53,440.3,436.79,439.9,439.9,53294703,0,1
2021-07-22,434.74,435.72,433.69,435.5,435.5,41998182,0,1
2021-07-21,432.34,434.7,431.0111,434.56,434.56,54251351,0,1
2021-07-20,425.68,432.42,424.83,431.04,431.04,87430308,0,1
2021-07-19,426.19,431.4089,421.97,424.97,424.97,127607115,0,1
2021-07-16,436.0,436.06,430.92,431.38,431.38,66637403,0,1
2021-07-15,434.81,435.53,432.72,434.73,434.73,50376465,0,1
2021-07-14,437.39,437.92,434.91,436.22,436.22,54445950,0,1
2021-07-13,436.26,437.84,435.31,435.62,435.62,45923305,0,1
2021-07-12,435.42,437.35,434.97,437.08,437.08,42031814,0,1
2021-07-09,432.53,435.84,430.714,435.48,435.48,59254094,0,1
2021-07-08,428.78,431.73,427.52,430.95,430.95,83417621,0,1
2021-07-07,433.66,434.76,431.51,434.43,434.43,55609308,0,1
2021-07-06,433.78,434.01,430.01,432.9,432.9,60410491,0,1
2021-07-02,431.67,434.1,430.5218,433.75,433.75,46557070,0,1
2021-07-01,428.83,430.6,428.8,430.47,430.47,44147835,0,1
2021-06-30,427.2,428.78,427.18,428.08,428.08,46776402,0,1
2021-06-29,427.89,428.56,427.13,427.68,427.68,32097572,0,1
2021-06-28,427.17,427.65,425.89,427.48,427.48,43937373,0,1
2021-06-25,425.9,427.0943,425.55,426.57,426.57,50460394,0,1
2021-06-24,424.89,425.55,424.62,425.09,425.09,39863529,0,1
2021-06-23,423.19,424.05,422.51,422.6,422.6,41476351,0,1
2021-06-22,420.85,424.0,420.08,423.06,423.06,50857233,0,1
2021-06-21,416.8,421.06,415.93,420.85,420.85,63727942,0,1
2021-06-18,417.08,417.8281,414.7,415.01,415.01,92753385,0,1
2021-06-17,421.67,423.02,419.32,421.97,421.97,71991686,0,1
2021-06-16,424.63,424.87,419.92,422.12,422.12,73638324,0,1
2021-06-15,425.43,425.46,423.54,424.5,424.5,42885806,0,1
2021-06-14,424.43,425.29,423.1,425.29,425.29,33128340,0,1
2021-06-11,424.19,424.42,422.82,424.32,424.32,37014839,0,1
2021-06-10,422.96,424.63,421.55,423.58,423.58,43574416,0,1
2021-06-09,423.18,423.26,421.41,421.62,421.62,38368598,0,1
2021-06-08,423.11,423.21,420.32,422.27,422.27,40131441,0,1
2021-06-07,422.59,422.78,421.19,422.23,422.23,41442963,0,1
2021-06-04,420.75,422.92,418.8422,422.57,422.57,45129316,0,1
2021-06-03,417.87,419.99,416.28,418.86,418.86,51582905,0,1
2021-06-02,420.37,421.23,419.29,420.38,420.38,41250387,0,1
2021-06-01,422.57,422.72,419.2,419.63,419.63,47607950,0,1
2021-05-28,420.97,421.25,419.79,420.02,420.02,49200328,0,1
2021-05-27,420.17,420.72,418.9851,419.69,419.69,48411613,0,1
2021-05-26,418.87,419.61,417.76,419.04,419.04,38369865,0,1
2021-05-25,420.33,420.71,417.62,418.25,418.25,50977513,0,1
2021-05-24,417.34,420.32,417.08,419.12,419.12,45499764,0,1
2021-05-21,416.87,418.2,414.45,414.95,414.95,66393170,0,1
2021-05-20,411.8,416.625,411.67,415.24,415.24,69427475,0,1
2021-05-19,406.92,411.05,405.335,410.9,410.9,94167279,0,1
2021-05-18,415.8,416.06,411.77,412.0,412.0,52337849,0,1
2021-05-17,415.39,416.39,413.36,415.54,415.54,57713982,0,1
2021-05-14,413.2,417.49,413.18,416.53,416.53,69029028,0,1
2021-05-13,407.07,412.35,407.02,410.26,410.26,96561623,0,1
2021-05-12,411.23,412.59,404.0,405.44,405.44,117671634,0,1
2021-05-11,413.1,415.27,410.06,414.27,414.27,105794428,0,1
2021-05-10,422.5,422.74,417.81,417.98,417.98,72071656,0,1
2021-05-07,419.89,422.815,419.16,422.09,422.09,58000019,0,1
2021-05-06,415.83,419.21,413.675,419.08,419.08,65397203,0,1
2021-05-05,417.38,417.63,414.94,415.72,415.72,51316402,0,1
2021-05-04,416.08,416.6,411.67,415.64,415.64,88484568,0,1
2021-05-03,419.43,419.84,417.665,418.18,418.18,60955972,0,1
2021-04-30,417.63,418.54,416.34,417.3,417.3,73129109,0,1
2021-04-29,420.33,420.72,416.44,419.99,419.99,70607144,0,1
2021-04-28,417.81,419.01,416.9,417.35,417.35,45533863,0,1
2021-04-27,417.91,418.14,416.3,417.48,417.48,45962264,0,1
2021-04-26,417.44,418.22,416.8111,417.64,417.64,44689009,0,1
2021-04-23,412.87,418.25,412.79,416.72,416.72,62186191,0,1
2021-04-22,415.88,416.78,411.13,412.3,412.3,90085820,0,1
2021-04-21,411.51,416.29,411.36,416.08,416.08,54772634,0,1
2021-04-20,413.91,415.0859,410.59,412.22,412.22,69715050,0,1
2021-04-19,416.26,416.74,413.79,415.24,415.24,66226327,0,1
2021-04-16,417.25,417.91,415.73,417.31,417.31,66624780,0,1
2021-04-15,413.74,416.16,413.69,415.82,415.82,54833901,0,1
2021-04-14,412.83,413.96,410.87,411.48,411.48,52950990,0,1
2021-04-13,411.53,413.529,411.12,412.82,412.82,50616046,0,1
2021-04-12,410.85,411.93,410.2,411.62,411.62,51358274,0,1
2021-04-09,408.39,411.67,408.26,411.435,411.435,52236800,0,1
2021-04-08,407.93,408.58,406.93,408.49,408.49,49538759,0,1
2021-04-07,405.94,406.96,405.45,406.5711,406.5711,48749523,0,1
2021-04-06,405.76,407.24,405.4,406.06,406.06,54199969,0,1
2021-04-05,403.46,406.94,403.38,406.3,406.3,81754108,0,1
2021-04-01,398.4,400.67,398.18,400.53,400.53,72713146,0,1
2021-03-31,395.34,398.0,395.31,396.28,396.28,88541243,0,1
2021-03-30,394.42,395.45,393.02,394.4,394.4,62537671,0,1
2021-03-29,394.4,396.75,392.81,395.77,395.77,85589461,0,1
2021-03-26,390.93,396.41,390.29,395.99,395.99,90959116,0,1
2021-03-25,385.98,390.55,383.9,389.63,389.63,99714368,0,1
2021-03-24,391.0,392.75,387.49,387.53,387.53,84449100,0,1
2021-03-23,391.91,393.46,388.66,389.59,389.59,78167035,0,1
2021-03-22,390.03,394.07,389.97,392.54,392.54,61372559,0,1
2021-03-19,389.88,391.569,387.15,389.5,389.5,93819590,0,1
2021-03-18,394.475,396.72,390.75,391.41,391.41,98794050,0,1
2021-03-17,394.53,398.12,393.3,397.22,397.22,61876016,0,1
2021-03-16,397.07,397.83,395.08,395.94,395.94,65719794,0,1
2021-03-15,394.33,396.685,392.03,396.47,396.47,64471980,0,1
2021-03-12,392.07,394.21,391.2,394.09,394.09,56997361,0,1
2021-03-11,392.23,395.65,391.74,393.5,393.5,77022138,0,1
2021-03-10,389.69,391.4,388.1702,389.5199,389.5199,101349197,0,1
2021-03-09,385.85,389.91,381.7299,387.11,387.11,97898909,0,1
2021-03-08,384.66,387.68,381.42,381.74,381.74,107185328,0,1
2021-03-05,380.46,384.76,372.64,383.595,383.595,133661539,0,1
2021-03-04,381.22,384.0,371.88,376.73,376.73,168203161,0,1
2021-03-03,385.79,386.83,381.31,381.45,381.45,105013641,0,1
2021-03-02,389.82,390.07,386.0,386.55,386.55,70479806,0,1
2021-03-01,385.59,390.92,380.572,389.52,389.52,92437154,0,1
2021-02-26,384.35,385.58,378.23,380.32,380.32,134902084,0,1
2021-02-25,390.41,391.88,380.7789,382.39,382.39,137059806,0,1
2021-02-24,386.33,392.23,385.27,391.76,391.76,64527459,0,1
2021-02-23,384.66,388.945,380.2,387.5,387.5,98333278,0,1
2021-02-22,387.06,389.62,386.74,387.11,387.11,56604869,0,1
2021-02-19,392.07,392.38,389.55,390.02,390.02,66794115,0,1
2021-02-18,389.59,391.515,387.74,390.75,390.75,52370380,0,1
2021-02-17,390.42,392.66,389.33,392.43,392.43,44671866,0,1
2021-02-16,393.96,394.17,391.53,392.34,392.34,43206214,0,1
2021-02-12,389.85,392.9,389.77,392.69,392.69,39697380,0,1
2021-02-11,391.24,391.69,388.1,390.73,390.73,38939025,0,1
2021-02-10,392.12,392.28,387.5,390.1,390.1,53797977,0,1
2021-02-09,389.61,390.89,389.17,390.25,390.25,30861522,0,1
2021-02-08,389.27,390.54,388.35,390.53,390.53,33986650,0,1
2021-02-05,388.2,388.47,386.1444,387.68,387.68,39312522,0,1
2021-02-04,382.96,386.24,381.9655,386.17,386.17,40030930,0,1
2021-02-03,382.435,383.7,380.48,381.86,381.86,43305661,0,1
2021-02-02,379.65,383.22,376.3181,381.54,381.54,53979346,0,1
2021-02-01,373.72,377.34,370.376,376.18,376.18,64056510,0,1
2021-01-29,375.63,376.67,368.27,370.19,370.19,106397082,0,1
2021-01-28,376.36,381.93,375.89,377.6,377.6,75229306,0,1
2021-01-27,380.22,380.32,372.01,374.44,374.44,99246554,0,1
2021-01-26,385.41,385.85,383.54,383.83,383.83,36871235,0,1
2021-01-25,383.67,384.77,378.46,384.4,384.4,61090775,0,1
2021-01-22,382.25,384.1256,381.835,382.86,382.86,39108239,0,1
2021-01-21,384.49,384.95,383.25,384.2,384.2,41800991,0,1
2021-01-20,381.11,384.79,380.69,383.86,383.86,53064901,0,1
2021-01-19,378.34,379.23,376.75,378.63,378.63,42257108,0,1
2021-01-15,376.72,377.58,373.7,375.68,375.68,78405054,0,1
2021-01-14,380.59,381.13,378.1,378.45,378.45,41045335,0,1
2021-01-13,378.69,380.86,377.85,379.76,379.76,38355050,0,1
2021-01-12,378.89,379.86,376.36,378.81,378.81,45364896,0,1
2021-01-11,377.85,380.58,377.7189,378.74,378.74,44814805,0,1
2021-01-08,380.59,381.49,377.1,381.24,381.24,60275466,0,1
2021-01-07,376.1,379.9,375.91,379.06,379.06,58862006,0,1
2021-01-06,369.71,376.98,369.12,373.53,373.53,91989131,0,1
2021-01-05,368.1,372.5,368.05,371.32,371.32,53668865,0,1
2021-01-04,375.31,375.45,364.82,368.85,368.85,92938087,0,1
2020-12-31,371.78,374.66,371.232,373.85,373.85,52720911,0,1
2020-12-30,372.34,373.1,371.57,371.93,371.93,40295732,0,1
2020-12-29,373.81,374.0,370.83,371.48,371.48,45214280,0,1
2020-12-28,371.74,372.59,371.07,372.14,372.14,31589494,0,1
2020-12-24,368.08,369.01,367.45,368.9899,368.9899,21047937,0,1
2020-12-23,368.28,369.62,367.2172,367.53,367.53,37537811,0,1
2020-12-22,368.21,368.3317,366.03,367.22,367.22,41116443,0,1
2020-12-21,364.97,378.46,362.03,367.93,367.93,73946581,0,1
2020-12-18,370.97,371.15,367.02,369.13,369.13,89156141,0,1
2020-12-17,371.94,372.46,371.05,372.21,372.21,50863245,0,1
2020-12-16,369.82,371.16,368.8676,370.14,370.14,47524603,0,1
2020-12-15,367.4,369.5798,365.92,369.57,369.57,50997562,0,1
2020-12-14,368.64,369.8,364.47,364.61,364.61,54732478,0,1
2020-12-11,364.9,366.7402,363.26,366.28,366.28,47917103,0,1
2020-12-10,365.37,367.86,364.43,366.72,366.72,47851654,0,1
2020-12-09,370.88,371.05,365.95,366.89,366.89,60700254,0,1
2020-12-08,367.72,370.78,367.67,370.1599,370.1599,32702217,0,1
2020-12-07,369.02,369.62,367.72,369.12,369.12,40456544,0,1
2020-12-04,367.32,369.85,367.22,369.83,369.83,40264568,0,1
2020-12-03,366.68,368.19,365.5,366.6698,366.6698,52905586,0,1
2020-12-02,364.82,366.96,364.2,366.7599,366.7599,37323404,0,1
2020-12-01,365.57,367.68,364.93,365.97,365.97,64527332,0,1
2020-11-30,362.83,363.12,359.17,362.0,362.0,67154075,0,1
2020-11-27,363.84,364.18,362.58,363.65,363.65,46840189,0,1
2020-11-25,363.13,363.16,361.48,362.65,362.65,35309156,0,1
2020-11-24,360.21,363.805,359.29,363.19,363.19,49862168,0,1
2020-11-23,357.28,358.79,354.865,357.47,357.47,49938331,0,1
2020-11-20,357.5,357.72,355.25,355.34,355.34,47947194,0,1
2020-11-19,355.61,358.18,354.15,357.76,357.76,47610697,0,1
2020-11-18,360.91,361.5,356.24,356.29,356.29,57605438,0,1
2020-11-17,359.97,361.92,358.34,360.64,360.64,54021793,0,1
2020-11-16,360.98,362.49,359.59,362.43,362.43,55926517,0,1
2020-11-13,355.27,357.81,354.71,357.33,357.33,34319763,0,1
2020-11-12,355.58,356.7182,351.26,353.28,353.28,57393573,0,1
2020-11-11,356.4,357.56,355.06,356.62,356.62,45627772,0,1
2020-11-10,353.49,355.18,350.51,354.07,354.07,69143380,0,1
2020-11-09,363.97,364.38,354.06,354.54,354.54,140613847,0,1
2020-11-06,349.93,351.51,347.65,350.19,350.19,58137413,0,1
2020-11-05,349.25,352.19,348.86,350.21,350.21,67420157,0,1
2020-11-04,340.86,347.94,339.59,343.495,343.495,101560371,0,1
2020-11-03,333.69,338.25,330.2935,335.97,335.97,74330624,0,1
2020-11-02,330.2,332.36,327.24,330.21,330.21,69167640,0,1
2020-10-30,328.28,329.69,322.6,326.53,326.53,93413096,0,1
2020-10-29,326.91,333.395,325.09,329.99,329.99,74362731,0,1
2020-10-28,332.1,338.2483,326.13,326.67,326.67,107939571,0,1
2020-10-27,339.76,340.12,337.99,338.25,338.25,50634843,0,1
2020-10-26,342.13,342.98,335.62,339.415,339.415,79491839,0,1
2020-10-23,345.93,345.99,343.13,345.76,345.76,38718140,0,1
2020-10-22,342.96,345.24,340.65,344.63,344.63,45094573,0,1
2020-10-21,343.33,345.67,342.4,342.69,342.69,46745662,0,1
2020-10-20,343.46,346.88,342.64,343.34,343.34,48206853,0,1
2020-10-19,348.62,349.33,341.04,342.02,342.02,51690440,0,1
2020-10-16,348.96,350.75,347.1,347.25,347.25,62467863,0,1
2020-10-15,343.71,348.02,343.13,347.51,347.51,50665477,0,1
2020-10-14,350.75,351.93,347.14,347.97,347.97,47281475,0,1
2020-10-13,352.28,352.4651,349.09,350.15,350.15,62272512,0,1
2020-10-12,349.59,354.02,349.06,352.43,352.43,61163344,0,1
2020-10-09,345.56,347.35,344.89,346.84,346.84,45969566,0,1
2020-10-08,342.85,343.85,341.86,343.73,343.73,35858727,0,1
2020-10-07,338.12,341.63,338.09,340.73,340.73,40579189,0,1
2020-10-06,339.92,342.17,334.38,334.94,334.94,74231873,0,1
2020-10-05,336.06,339.96,336.01,339.73,339.73,38540997,0,1
2020-10-02,331.7,337.0126,331.19,333.87,333.87,72797429,0,1
2020-10-01,337.69,338.74,335.01,337.03,337.03,77057063,0,1
2020-09-30,333.09,338.29,332.88,334.89,334.89,78401575,0,1
2020-09-29,333.97,334.77,331.6209,332.39,332.39,40442428,0,1
2020-09-28,333.22,334.96,332.15,334.2,334.2,55126711,0,1
2020-09-25,322.58,329.58,321.64,328.69,328.69,59224994,0,1
2020-09-24,321.22,326.797,319.8,323.52,323.52,69365554,0,1
2020-09-23,330.9,331.2,322.1,322.66,322.66,78352297,0,1
2020-09-22,328.57,330.9,325.86,330.33,330.33,55495234,0,1
2020-09-21,325.7,327.09,321.73,327.0,327.0,86591719,0,1
2020-09-18,335.37,335.49,327.97,330.69,330.69,88780313,0,1
2020-09-17,333.56,337.6996,332.991,335.86,335.86,80778657,0,1
2020-09-16,341.51,343.06,338.52,338.81,338.81,70521698,0,1
2020-09-15,341.12,342.02,338.4683,340.15,340.15,43908367,0,1
2020-09-14,337.49,340.38,334.2208,338.42,338.42,110083883,0,1
2020-09-11,335.82,336.97,331.0,334.08,334.08,140223556,0,1
2020-09-10,342.15,342.53,332.85,333.92,333.92,148070421,0,1
2020-09-09,337.55,342.46,336.61,339.76,339.76,156548054,0,1
2020-09-08,336.71,342.64,332.88,333.26,333.26,196953429,0,1
2020-09-04,346.13,347.83,334.87,342.6,342.6,238539213,0,1
2020-09-03,355.87,356.38,342.59,345.41,345.41,254965602,0,1
2020-09-02,354.67,358.75,353.43,357.68,357.68,125347727,0,1
2020-09-01,350.21,352.69,349.24,352.56,352.56,92440865,0,1
2020-08-31,350.35,351.3,349.09,349.34,349.34,103053041,0,1
2020-08-28,349.44,350.72,348.15,350.54,350.54,84439190,0,1
2020-08-27,348.51,349.9,346.53,348.29,348.29,103934256,0,1
2020-08-26,344.76,347.86,344.17,347.56,347.56,87596268,0,1
2020-08-25,343.53,344.21,342.27,344.0999,344.0999,64468899,0,1
2020-08-24,342.12,343.0,339.4504,342.94,342.94,79073131,0,1
2020-08-21,337.92,339.72,337.55,339.44,339.44,85164214,0,1
2020-08-20,335.36,338.8,335.22,338.25,338.25,71552086,0,1
2020-08-19,339.05,339.61,336.62,337.22,337.22,115453214,0,1
2020-08-18,338.34,339.1,336.61,338.62,338.62,66539876,0,1
2020-08-17,337.94,338.34,336.8517,337.88,337.88,56151840,0,1
2020-08-14,336.41,337.42,335.65,336.86,336.86,83898075,0,1
2020-08-13,336.61,338.2514,335.83,336.86,336.86,72475270,0,1
2020-08-12,335.44,338.28,332.8377,337.42,337.42,91230107,0,1
2020-08-11,336.85,337.54,332.01,332.82,332.82,118234337,0,1
2020-08-10,335.12,335.77,332.955,335.55,335.55,67942292,0,1
2020-08-07,333.28,334.88,332.3,334.55,334.55,98710236,0,1
2020-08-06,331.4799,334.46,331.13,334.31,334.31,76900649,0,1
2020-08-05,331.47,332.39,331.18,332.06,332.06,72846458,0,1
2020-08-04,327.86,330.06,327.86,330.03,330.03,73684427,0,1
2020-08-03,328.32,329.62,327.73,328.76,328.76,71741125,0,1
2020-07-31,325.9,326.61,321.33,326.55,326.55,129516546,0,1
2020-07-30,321.9,324.41,319.64,323.98,323.98,106103025,0,1
2020-07-29,322.12,325.73,322.075,325.09,325.09,87237532,0,1
2020-07-28,322.43,323.64,320.85,321.2,321.2,89313354,0,1
2020-07-27,321.63,323.41,320.775,323.18,323.18,42586195,0,1
2020-07-24,320.95,321.99,319.246,320.86,320.86,117984836,0,1
2020-07-23,326.47,327.23,321.72,322.935,322.935,81505661,0,1
2020-07-22,324.62,327.2,324.5,326.82,326.82,76092164,0,1
2020-07-21,326.45,326.93,323.94,324.96,324.96,49155550,0,1
2020-07-20,321.43,325.13,320.62,324.36,324.36,47626373,0,1
2020-07-17,321.88,322.57,319.735,321.67,321.67,53682925,0,1
2020-07-16,319.79,321.28,319.09,320.76,320.76,45895960,0,1
2020-07-15,322.41,323.04,319.265,321.865,321.865,75854842,0,1
2020-07-14,313.3,319.76,312.0,318.89,318.89,79292036,0,1
2020-07-13,320.13,322.71,314.13,314.81,314.81,87626307,0,1
2020-07-10,314.31,317.88,312.76,317.61,317.61,50032995,0,1
2020-07-09,316.84,317.1,310.68,314.42,314.42,74219671,0,1
2020-07-08,314.61,316.3,312.7,316.12,316.12,48600828,0,1
2020-07-07,315.38,317.52,313.37,313.72,313.72,71580669,0,1
2020-07-06,316.37,317.68,315.56,316.99,316.99,51838455,0,1
2020-07-02,314.24,315.7,311.51,312.18,312.18,58949794,0,1
2020-07-01,309.57,311.89,309.07,310.57,310.57,61458161,0,1
2020-06-30,303.99,310.2,303.82,308.57,308.57,84957211,0,1
2020-06-29,301.41,304.45,298.93,304.43,304.43,67646711,0,1
2020-06-26,306.16,306.39,299.42,300.01,300.01,108141755,0,1
2020-06-25,303.47,307.64,301.28,307.31,307.31,78829599,0,1
2020-06-24,309.84,310.51,302.1,304.12,304.12,114533687,0,1
2020-06-23,313.49,314.5,311.6101,312.03,312.03,59566038,0,1
2020-06-22,307.99,311.05,306.75,310.68,310.68,64108242,0,1
2020-06-19,314.17,314.38,306.53,308.56,308.56,111140318,0,1
2020-06-18,310.005,312.3,309.51,311.74,311.74,64298819,0,1
2020-06-17,314.07,314.39,310.86,311.56,311.56,74047487,0,1
2020-06-16,315.48,315.64,307.67,312.93,312.93,121907854,0,1
2020-06-15,298.02,308.28,296.74,307.03,307.03,123098924,0,1
2020-06-12,308.24,309.08,298.6,304.28,304.28,168502612,0,1
2020-06-11,311.46,312.15,300.01,300.62,300.62,182628939,0,1
2020-06-10,321.42,322.39,318.2209,319.01,319.01,84064921,0,1
2020-06-09,320.3,323.2849,319.36,320.81,320.81,67642220,0,1
2020-06-08,320.22,323.41,319.63,323.25,323.25,64329574,0,1
2020-06-05,317.23,321.275,317.16,319.27,319.27,122191709,0,1
2020-06-04,311.11,313.0,309.08,311.31,311.31,68304792,0,1
2020-06-03,310.24,313.22,309.94,312.2117,312.2117,79223813,0,1
2020-06-02,306.55,308.13,305.1,308.13,308.13,66042497,0,1
2020-06-01,303.62,306.205,303.06,305.58,305.58,46186733,0,1
2020-05-29,302.46,304.96,299.47,304.16,304.16,101356845,0,1
2020-05-28,304.65,306.84,302.24,302.96,302.96,80456712,0,1
2020-05-27,302.12,303.57,296.87,303.48,303.48,92140472,0,1
2020-05-26,301.93,302.19,298.69,299.15,299.15,80281181,0,1
2020-05-22,294.57,295.63,293.22,295.42,295.42,53343811,0,1
2020-05-21,296.79,297.67,293.6886,294.79,294.79,68594382,0,1
2020-05-20,295.82,297.87,295.57,296.96,296.96,66280413,0,1
2020-05-19,294.35,296.205,291.95,292.02,292.02,78858186,0,1
2020-05-18,293.05,296.75,292.7,294.995,294.995,100556561,0,1
2020-05-15,282.37,286.33,281.34,286.26,286.26,91154055,0,1
2020-05-14,278.95,285.11,272.99,285.05,285.05,110106023,0,1
2020-05-13,286.06,287.19,278.965,281.67,281.67,125466121,0,1
2020-05-12,293.79,294.24,286.55,286.62,286.62,81606248,0,1
2020-05-11,290.34,294.0,289.88,292.56,292.56,62352506,0,1
2020-05-08,291.09,292.95,289.86,292.47,292.47,61414425,0,1
2020-05-07,287.75,289.78,287.13,287.7,287.7,68883538,0,1
2020-05-06,288.04,288.46,283.78,284.29,284.29,65371977,0,1
2020-05-05,286.64,289.25,285.75,286.22,286.22,72232658,0,1
2020-05-04,280.74,283.9,279.13,283.66,283.66,70199660,0,1
2020-05-01,285.31,290.6572,281.52,282.73,282.73,111321036,0,1
2020-04-30,291.71,293.3239,288.59,290.39,290.39,101677550,0,1
2020-04-29,291.53,294.88,290.41,293.19,293.19,102013837,0,1
2020-04-28,291.02,291.4,285.4,285.77,285.77,95561389,0,1
2020-04-27,285.12,288.27,284.62,287.11,287.11,67454166,0,1
2020-04-24,280.73,283.7,278.5,283.04,283.04,72860001,0,1
2020-04-23,280.49,283.94,278.75,279.06,279.06,97161664,0,1
2020-04-22,278.35,281.0,276.91,279.17,279.17,81404148,0,1
2020-04-21,276.73,278.04,272.02,273.02,273.02,114645831,0,1
2020-04-20,282.61,286.7912,281.35,281.61,281.61,88642290,0,1
2020-04-17,285.38,287.3,282.4,286.73,286.73,127775010,0,1
2020-04-16,279.15,280.03,275.76,279.21,279.21,109344567,0,1
2020-04-15,277.57,283.9407,275.46,277.75,277.75,108679822,0,1
2020-04-14,280.98,284.9,279.91,283.87,283.87,121013344,0,1
2020-04-13,277.14,277.51,271.41,275.57,275.57,103999212,0,1
2020-04-09,277.58,281.2,275.47,278.24,278.24,162670069,0,1
2020-04-08,267.96,276.0,265.56,274.07,274.07,136878928,0,1
2020-04-07,274.21,275.03,264.89,265.1,265.1,179838774,0,1
2020-04-06,257.84,267.0,256.725,264.96,264.96,158180083,0,1
2020-04-03,250.76,253.32,245.22,248.21,248.21,119985873,0,1
2020-04-02,245.19,252.68,244.59,251.87,251.87,155820022,0,1
2020-04-01,247.98,257.6591,243.9,246.12,246.12,170515975,0,1
2020-03-31,260.56,263.33,256.22,257.7,257.7,159223028,0,1
2020-03-30,255.7,262.43,253.53,261.68,261.68,139095982,0,1
2020-03-27,253.27,260.81,251.05,253.39,253.39,191462093,0,1
2020-03-26,249.52,262.8,249.05,261.39,261.39,221727030,0,1
2020-03-25,244.87,256.35,239.75,246.77,246.77,277138668,0,1
2020-03-24,234.42,244.1,233.8,243.59,243.59,211595249,0,1
2020-03-23,228.19,229.6833,218.26,222.51,222.51,280560712,0,1
2020-03-20,242.53,244.47,228.5,228.94,228.94,302880969,0,1
2020-03-19,239.25,247.38,232.22,241.16,241.16,261233795,0,1
2020-03-18,236.25,248.37,228.02,241.01,241.01,298252778,0,1
2020-03-17,245.04,256.17,237.07,254.19,254.19,231018081,0,1
2020-03-16,241.18,256.9,237.36,239.41,239.41,261784489,0,1
2020-03-13,263.09,271.08,249.58,270.93,270.93,285392181,0,1
2020-03-12,256.0,266.66,247.68,248.1,248.1,346670590,0,1
2020-03-11,280.7,281.94,270.88,274.36,274.36,231055382,0,1
2020-03-10,284.64,288.52,273.5,288.44,288.44,246644123,0,1
2020-03-09,275.3,284.19,273.45,274.4,274.4,277300725,0,1
2020-03-06,293.15,298.78,290.23,297.42,297.42,198657535,0,1
2020-03-05,304.98,308.47,300.01,302.45,302.45,159971245,0,1
2020-03-04,306.12,313.1,303.33,312.91,312.91,147338447,0,1
2020-03-03,309.5,313.84,297.57,300.34,300.34,271529926,0,1
2020-03-02,298.21,309.16,294.46,309.08,309.08,205636837,0,1
2020-02-28,288.7,297.892,285.54,296.16,296.16,332038241,0,1
2020-02-27,305.46,311.5637,297.52,297.55,297.55,249706794,0,1
2020-02-26,314.18,318.11,310.7,311.55,311.55,169524961,0,1
2020-02-25,323.94,324.61,311.69,312.7,312.7,193671224,0,1
2020-02-24,323.14,333.5623,321.24,322.41,322.41,134914814,0,1
2020-02-21,335.47,335.81,332.58,333.49,333.49,93107633,0,1
2020-02-20,337.7423,338.64,333.6817,336.98,336.98,67359056,0,1
2020-02-19,337.79,339.08,337.48,338.31,338.31,36077810,0,1
2020-02-18,336.51,337.6677,335.21,336.7,336.7,48549842,0,1
2020-02-14,337.51,337.73,336.2,337.6,337.6,51458637,0,1
2020-02-13,335.8621,338.12,335.56,337.08,337.08,45560340,0,1
2020-02-12,336.83,337.65,336.43,337.41,337.41,34994420,0,1
2020-02-11,336.16,337.02,334.75,335.29,335.29,48887097,0,1
2020-02-10,331.23,334.72,331.19,334.69,334.69,34150738,0,1
2020-02-07,332.82,333.9941,331.6,332.2,332.2,51735741,0,1
2020-02-06,333.91,334.19,332.8,333.96,333.96,42644695,0,1
2020-02-05,332.27,333.09,330.67,332.82,332.82,52702659,0,1
2020-02-04,328.07,330.01,327.72,329.08,329.08,52512833,0,1
2020-02-03,323.35,326.16,323.22,324.14,324.14,59060165,0,1
2020-01-31,327.0,327.17,320.73,321.74,321.74,94752845,0,1
2020-01-30,324.36,327.91,323.54,327.66,327.66,67790010,0,1
2020-01-29,328.38,328.63,326.4,326.62,326.62,43526297,0,1
2020-01-28,325.06,327.85,324.55,326.89,326.89,54777923,0,1
2020-01-27,323.03,325.12,322.66,323.52,323.52,68815393,0,1
2020-01-24,332.44,332.53,327.36,328.75,328.75,75281306,0,1
2020-01-23,330.63,331.92,329.41,331.74,331.74,41825254,0,1
2020-01-22,332.24,332.95,331.17,331.39,331.39,43124687,0,1
2020-01-21,330.9,332.18,330.82,331.31,331.31,61781634,0,1
2020-01-17,331.7,332.18,331.07,332.01,332.01,61972948,0,1
2020-01-16,329.7,330.91,329.45,330.9,330.9,41650723,0,1
2020-01-15,327.35,329.02,327.26,328.17,328.17,58544879,0,1
2020-01-14,327.47,328.62,326.844,327.43,327.43,53797230,0,1
2020-01-13,326.39,327.96,325.92,327.94,327.94,36691541,0,1
2020-01-10,327.2899,327.46,325.2,325.7,325.7,44989039,0,1
2020-01-09,326.16,326.73,325.52,326.62,326.62,43365068,0,1
2020-01-08,322.94,325.78,322.67,324.42,324.42,56581814,0,1
2020-01-07,323.02,323.54,322.24,322.76,322.76,33909984,0,1
2020-01-06,320.49,323.73,320.36,323.67,323.67,43105385,0,1
2020-01-03,321.16,323.64,321.1,322.44,322.44,58408809,0,1
2020-01-02,323.54,324.85,322.53,324.84,324.84,48217559,0,1
2019-12-31,320.53,322.13,320.15,321.89,321.89,38134256,0,1
2019-12-30,322.95,323.1,320.55,321.1,321.1,41848090,0,1
2019-12-27,323.74,323.8,322.28,322.86,322.86,35123062,0,1
2019-12-26,321.65,322.93,321.64,322.91,322.91,27114092,0,1
2019-12-24,321.47,321.52,320.9,321.26,321.26,16067681,0,1
2019-12-23,321.59,321.65,321.06,321.22,321.22,39140644,0,1
2019-12-20,320.46,321.9742,320.37,320.95,320.95,103685405,0,1
2019-12-19,319.8,320.98,319.75,320.91,320.91,64033211,0,1
2019-12-18,320.0,320.25,319.53,319.57,319.57,39420041,0,1
2019-12-17,319.92,320.25,319.48,319.56,319.56,46694452,0,1
2019-12-16,319.22,320.15,319.17,319.51,319.51,63057627,0,1
2019-12-13,316.87,318.67,316.02,317.28,317.28,68681546,0,1
2019-12-12,314.43,317.99,314.17,317.14,317.14,82589898,0,1
2019-12-11,314.03,314.7,313.595,314.41,314.41,41107413,0,1
2019-12-10,313.82,314.55,312.81,313.55,313.55,40763264,0,1
2019-12-09,314.44,315.18,313.8,313.87,313.87,29338231,0,1
2019-12-06,314.12,315.31,314.11,314.82,314.82,39763753,0,1
2019-12-05,312.23,312.25,310.58,312.04,312.04,36240550,0,1
2019-12-04,310.7,312.12,310.32,311.47,311.47,39438972,0,1
2019-12-03,308.65,309.64,307.13,309.47,309.47,65077352,0,1
2019-12-02,314.59,314.66,311.17,311.6,311.6,64576426,0,1
2019-11-29,314.86,315.13,314.06,314.27,314.27,24863599,0,1
2019-11-27,314.61,315.47,314.37,315.44,315.44,35090597,0,1
2019-11-26,313.41,314.28,313.06,314.02,314.02,31745885,0,1
2019-11-25,311.98,313.37,311.98,313.35,313.35,38628150,0,1
2019-11-22,311.09,311.24,309.85,311.0,311.0,34467117,0,1
2019-11-21,310.89,311.01,309.39,310.29,310.29,44613805,0,1
2019-11-20,311.28,311.85,309.06,310.79,310.79,66440242,0,1
2019-11-19,312.68,312.69,311.22,311.89,311.89,58592144,0,1
2019-11-18,311.53,312.28,311.03,311.99,311.99,41233494,0,1
2019-11-15,311.02,311.83,310.26,311.83,311.83,46892993,0,1
2019-11-14,308.79,309.64,308.09,309.53,309.53,45284665,0,1
2019-11-13,307.91,309.54,307.66,309.07,309.07,47205170,0,1
2019-11-12,308.75,309.99,308.15,308.94,308.94,40849630,0,1
2019-11-11,307.42,308.54,307.27,308.39,308.39,28125719,0,1
2019-11-08,307.8,308.97,307.03,308.97,308.97,39113878,0,1
2019-11-07,308.57,309.65,307.66,308.22,308.22,48824013,0,1
2019-11-06,307.03,307.4,306.06,307.14,307.14,38740895,0,1
2019-11-05,307.59,307.9195,306.71,307.0,307.0,37677568,0,1
2019-11-04,307.85,308.0,306.96,307.34,307.34,52897810,0,1
2019-11-01,304.92,306.19,304.74,306.18,306.18,58795500,0,1
2019-10-31,304.13,304.13,301.73,303.26,303.26,57339393,0,1
2019-10-30,303.43,304.55,301.99,304.14,304.14,42207922,0,1
2019-10-29,303.0,304.23,302.86,303.2,303.2,40645426,0,1
2019-10-28,302.94,303.85,302.91,303.36,303.36,35623775,0,1
2019-10-25,299.74,302.2,299.69,301.64,301.64,37702114,0,1
2019-10-24,300.91,301.07,299.4601,300.42,300.42,31732833,0,1
2019-10-23,298.73,299.94,298.495,299.86,299.86,28710578,0,1
2019-10-22,300.58,300.9,298.91,299.03,299.03,44393433,0,1
2019-10-21,299.42,300.21,298.935,300.05,300.05,30880097,0,1
2019-10-18,298.69,299.395,296.99,297.98,297.98,51564833,0,1
2019-10-17,299.68,300.24,298.515,299.24,299.24,41222618,0,1
2019-10-16,298.37,299.16,297.92,298.41,298.41,40765372,0,1
2019-10-15,297.1,299.7,296.97,298.9,298.9,41122730,0,1
2019-10-14,295.93,296.67,295.57,296.01,296.01,32589599,0,1
2019-10-11,296.27,298.74,296.1448,296.26,296.26,83204669,0,1
2019-10-10,291.18,294.21,291.0,293.24,293.24,50981567,0,1
2019-10-09,290.75,292.3,290.06,291.23,291.23,49246505,0,1
2019-10-08,291.04,291.85,288.49,288.55,288.55,82885280,0,1
2019-10-07,293.47,295.26,292.77,293.11,293.11,51170613,0,1
2019-10-04,291.14,294.63,291.08,294.37,294.37,50700124,0,1
2019-10-03,287.81,290.4,284.82,290.37,290.37,79531176,0,1
2019-10-02,291.5,291.51,286.64,288.04,288.04,109650050,0,1
2019-10-01,297.74,298.455,293.0,293.21,293.21,81527864,0,1
2019-09-30,295.97,297.55,295.92,296.83,296.83,42173018,0,1
2019-09-27,297.83,297.9465,293.69,295.36,295.36,68159660,0,1
2019-09-26,297.63,297.86,295.45,296.97,296.97,49794504,0,1
2019-09-25,295.96,298.11,294.33,297.6,297.6,54913496,0,1
2019-09-24,299.41,299.84,294.81,295.81,295.81,84500024,0,1
2019-09-23,297.55,299.0,297.27,298.25,298.25,34453241,0,1
2019-09-20,300.36,300.67,297.41,298.13,298.13,72009098,0,1
2019-09-19,301.53,302.63,300.7103,301.06,301.06,66378040,0,1
2019-09-18,300.49,301.22,298.24,301.1,301.1,67441406,0,1
2019-09-17,299.94,301.02,299.75,300.94,300.94,35265761,0,1
2019-09-16,299.84,301.1378,299.45,300.16,300.16,47779398,0,1
2019-09-13,301.78,302.17,300.68,301.05,301.05,51680998,0,1
2019-09-12,301.25,302.46,300.41,301.27,301.27,64607244,0,1
2019-09-11,298.47,300.34,297.75,300.29,300.29,55661424,0,1
2019-09-10,297.36,298.2,295.97,298.2,298.2,51133721,0,1
2019-09-09,299.14,299.24,297.16,298.15,298.15,46144178,0,1
2019-09-06,298.17,298.76,297.42,298.07,298.07,41911758,0,1
2019-09-05,296.79,298.83,296.64,297.82,297.82,72819388,0,1
2019-09-04,293.14,294.055,292.31,293.97,293.97,40141322,0,1
2019-09-03,290.57,291.58,289.27,290.77,290.77,55681522,0,1
2019-08-30,294.22,294.2399,291.42,292.46,292.46,51741934,0,1
2019-08-29,291.72,293.16,290.61,292.56,292.56,49472271,0,1
2019-08-28,286.14,289.07,285.25,288.83,288.83,52608581,0,1
2019-08-27,289.54,289.95,286.03,286.84,286.84,59444288,0,1
2019-08-26,287.27,287.99,285.58,287.97,287.97,58177052,0,1
2019-08-23,292.46,292.69,283.47,284.81,284.81,97678307,0,1
2019-08-22,293.23,293.93,290.4,292.31,292.31,45866971,0,1
2019-08-21,292.48,292.86,291.72,292.43,292.43,41673861,0,1
2019-08-20,291.77,292.36,289.95,290.05,290.05,43194342,0,1
2019-08-19,292.19,293.08,291.44,292.32,292.32,45359957,0,1
2019-08-16,286.48,289.33,284.7138,288.87,288.87,66766930,0,1
2019-08-15,284.88,285.64,282.39,284.69,284.69,82311442,0,1
2019-08-14,288.07,292.4644,283.76,283.92,283.92,114406673,0,1
2019-08-13,287.74,294.15,287.36,292.43,292.43,82355835,0,1
2019-08-12,289.96,291.6052,287.02,288.1,288.1,55499992,0,1
2019-08-09,292.58,293.24,289.65,291.59,291.59,79060953,0,1
2019-08-08,289.62,293.56,289.01,293.55,293.55,70688282,0,1
2019-08-07,284.4,288.82,282.04,288.03,288.03,110389529,0,1
2019-08-06,285.91,288.04,284.28,287.77,287.77,98191969,0,1
2019-08-05,288.09,288.21,281.72,284.04,284.04,149170305,0,1
2019-08-02,293.85,294.12,290.9,292.76,292.76,95629766,0,1
2019-08-01,297.6,300.87,293.96,294.88,294.88,127309146,0,1
2019-07-31,300.99,301.2,295.2,297.38,297.38,90546502,0,1
2019-07-30,299.91,301.17,299.49,300.82,300.82,38438660,0,1
2019-07-29,301.88,301.93,300.85,301.48,301.48,32817928,0,1
2019-07-26,300.76,302.23,300.62,301.99,301.99,33029846,0,1
2019-07-25,300.94,301.0,299.11,299.9702,299.9702,43107087,0,1
2019-07-24,299.19,301.42,299.09,301.38,301.38,37395588,0,1
2019-07-23,299.14,300.03,298.22,299.96,299.96,39357866,0,1
2019-07-22,297.61,298.5,297.04,297.92,297.92,33652033,0,1
2019-07-19,300.04,300.07,296.96,297.12,297.12,56205349,0,1
2019-07-18,297.19,299.25,296.7,298.85,298.85,45081126,0,1
2019-07-17,298.935,299.13,297.76,297.77,297.77,16886404,0,1
2019-07-16,300.65,300.88,299.44,299.74,299.74,35091780,0,1
2019-07-15,301.13,301.13,300.19,300.76,300.76,26620249,0,1
2019-07-12,299.87,300.73,299.51,300.68,300.68,32819449,0,1
2019-07-11,299.32,299.58,298.2,299.3,299.3,43283434,0,1
2019-07-10,298.37,299.66,297.78,298.61,298.61,46049889,0,1
2019-07-09,295.54,297.52,295.48,297.26,297.26,32627832,0,1
2019-07-08,297.01,298.2579,296.22,296.86,296.86,34973243,0,1
2019-07-05,297.44,298.64,296.01,298.36,298.36,38871871,0,1
2019-07-03,297.18,298.82,297.02,298.76,298.76,28494654,0,1
2019-07-02,295.61,296.49,291.21,296.46,296.46,52076552,0,1
2019-07-01,296.68,296.92,294.33,295.61,295.61,57465080,0,1
2019-06-28,292.8,293.55,292.01,293.1,293.1,42011235,0,1
2019-06-27,291.31,292.06,290.89,291.54,291.54,31264190,0,1
2019-06-26,291.75,292.31,290.345,290.47,290.47,40049650,0,1
2019-06-25,293.695,293.73,290.64,290.79,290.79,64968105,0,1
2019-06-24,294.23,294.58,293.47,293.64,293.64,35700746,0,1
2019-06-21,294.13,295.52,293.76,294.08,294.08,58466666,0,1
2019-06-20,296.04,296.3093,293.1255,295.84,295.84,81862090,0,1
2019-06-19,292.55,293.65,291.47,293.05,293.05,65591743,0,1
2019-06-18,291.39,293.57,290.99,292.29,292.29,71713227,0,1
2019-06-17,289.52,290.22,289.18,289.44,289.44,32798643,0,1
2019-06-14,289.26,289.93,288.41,289.19,289.19,41744834,0,1
2019-06-13,289.41,289.98,288.62,289.65,289.65,40688128,0,1
2019-06-12,288.64,289.26,287.815,288.36,288.36,37832770,0,1
2019-06-11,290.99,291.4,288.1805,288.89,288.89,46353659,0,1
2019-06-10,289.37,290.82,288.8734,288.9305,288.9305,51975211,0,1
2019-06-07,285.93,288.85,285.74,287.63,287.63,60266286,0,1
2019-06-06,283.29,285.55,282.57,284.74,284.74,53512841,0,1
2019-06-05,282.33,282.99,280.32,282.9,282.9,58965379,0,1
2019-06-04,277.12,280.68,276.62,280.52,280.52,64337734,0,1
2019-06-03,275.31,276.5521,273.09,274.54,274.54,82473795,0,1
2019-05-31,276.21,277.12,275.24,275.37,275.37,67316713,0,1
2019-05-30,279.11,280.04,277.805,279.05,279.05,52483275,0,1
2019-05-29,278.91,279.36,276.71,278.38,278.38,88121995,0,1
2019-05-28,283.09,284.15,280.18,280.31,280.31,57121638,0,1
2019-05-24,283.74,284.2,282.09,282.8,282.8,44877163,0,1
2019-05-23,283.16,283.21,280.57,282.27,282.27,78886518,0,1
2019-05-22,285.45,286.69,285.1,285.62,285.62,43931414,0,1
2019-05-21,285.83,286.93,285.55,286.49,286.49,41709587,0,1
2019-05-20,284.06,285.962,283.12,283.97,283.97,53154629,0,1
2019-05-17,285.14,288.6,281.99,285.9,285.9,79900238,0,1
2019-05-16,285.84,289.21,255.797,287.63,287.63,63128989,0,1
2019-05-15,281.59,285.77,281.36,285.06,285.06,62989430,0,1
2019-05-14,281.99,285.1,281.85,283.33,283.33,68269143,0,1
2019-05-13,282.42,283.49,279.93,280.9905,280.9905,106597028,0,1
2019-05-10,285.62,288.94,282.3,288.03,288.03,97407327,0,1
2019-05-09,285.23,287.33,283.3,286.75,286.75,90532298,0,1
2019-05-08,287.53,289.43,286.87,287.56,287.56,75117753,0,1
2019-05-07,290.15,290.81,285.81,288.04,288.04,118960368,0,1
2019-05-06,289.25,293.31,288.9,292.87,292.87,75426654,0,1
2019-05-03,292.82,294.34,292.56,294.02,294.02,45416907,0,1
2019-05-02,291.68,292.7,289.52,291.27,291.27,59209780,0,1
2019-05-01,294.72,294.95,291.8,291.84,291.84,59432706,0,1
2019-04-30,293.49,294.34,291.92,293.96,293.96,63653164,0,1
2019-04-29,293.51,294.45,293.41,293.78,293.78,53524768,0,1
2019-04-26,292.1,293.49,291.2401,293.44,293.44,39361630,0,1
2019-04-25,292.12,292.78,290.73,292.08,292.08,46782846,0,1
2019-04-24,292.79,293.16,292.07,292.23,292.23,38523204,0,1
2019-04-23,290.68,293.14,290.42,292.85,292.85,46533520,0,1
2019-04-22,289.17,290.435,289.07,290.31,290.31,33279979,0,1
2019-04-18,290.1,290.32,288.66,290.02,290.02,56552902,0,1
2019-04-17,291.4,291.425,288.99,289.48,289.48,46295526,0,1
2019-04-16,290.95,291.01,289.5,290.1705,290.1705,46807170,0,1
2019-04-15,290.24,290.35,289.075,289.99,289.99,40153954,0,1
2019-04-12,290.0,290.47,288.261,290.19,290.19,53039670,0,1
2019-04-11,288.83,288.84,287.578,288.23,288.23,50215810,0,1
2019-04-10,287.77,288.3899,287.31,288.29,288.29,44663930,0,1
2019-04-09,287.72,288.08,286.7,287.305,287.305,57028997,0,1
2019-04-08,288.1,288.91,287.37,288.81,288.81,42813271,0,1
2019-04-05,287.92,288.63,287.2272,288.62,288.62,51506957,0,1
2019-04-04,286.78,287.459,286.01,287.22,287.22,45109131,0,1
2019-04-03,287.32,287.76,285.75,286.52,286.52,57816894,0,1
2019-04-02,286.04,286.23,285.09,285.98,285.98,36786442,0,1
2019-04-01,284.7,286.16,284.4,285.89,285.89,26929510,0,1
2019-03-29,282.39,282.84,281.14,282.62,282.62,57724114,0,1
2019-03-28,280.35,281.21,279.07,280.79,280.79,50705408,0,1
2019-03-27,281.11,281.76,277.93,279.72,279.72,65592510,0,1
2019-03-26,280.99,282.18,279.56,281.02,281.02,58474043,0,1
2019-03-25,278.87,280.1853,277.64,279.03,279.03,75858918,0,1
2019-03-22,283.22,283.8034,279.18,279.25,279.25,109874331,0,1
2019-03-21,280.64,285.18,280.59,284.67,284.67,70057220,0,1
2019-03-20,282.16,283.5,280.32,281.53,281.53,75155036,0,1
2019-03-19,283.485,284.36,281.41,282.48,282.48,65808961,0,1
2019-03-18,281.55,282.66,281.3,282.38,282.38,53119090,0,1
2019-03-15,280.52,282.21,280.2794,281.35,281.35,59622148,0,1
2019-03-14,281.37,281.84,280.6662,281.19,281.19,57299650,0,1
2019-03-13,280.48,282.38,280.3,281.34,281.34,66248190,0,1
2019-03-12,279.06,280.07,278.85,279.44,279.44,66167643,0,1
2019-03-11,275.26,278.62,270.14,278.5,278.5,54137659,0,1
2019-03-08,272.94,274.65,272.42,274.525,274.525,74907975,0,1
2019-03-07,276.83,276.99,274.07,275.08,275.08,85418006,0,1
2019-03-06,279.15,279.16,276.97,277.29,277.29,61873702,0,1
2019-03-05,279.54,279.76,278.41,279.05,279.05,48652076,0,1
2019-03-04,281.6,281.87,276.84,279.41,279.41,89783576,0,1
2019-03-01,280.44,280.88,278.82,280.49,280.49,64119601,0,1
2019-02-28,278.96,279.45,278.32,278.54,278.54,52938984,0,1
2019-02-27,278.52,279.59,277.48,279.23,279.23,50391483,0,1
2019-02-26,279.13,280.3,278.9,279.34,279.34,51038945,0,1
2019-02-25,280.73,281.31,279.43,279.57,279.57,62598105,0,1
2019-02-22,278.11,279.36,277.4029,279.15,279.15,66916124,0,1
2019-02-21,277.7,278.1,276.345,277.46,277.46,54366314,0,1
2019-02-20,277.81,278.92,277.25,278.43,278.43,66580035,0,1
2019-02-19,276.4813,278.58,276.47,277.78,277.78,49878739,0,1
2019-02-15,276.36,277.34,276.13,277.27,277.27,74792740,0,1
2019-02-14,273.78,275.64,266.75,274.535,274.535,72729366,0,1
2019-02-13,275.03,275.93,274.56,274.98,274.98,54446766,0,1
2019-02-12,272.42,274.52,272.34,274.075,274.075,60116740,0,1
2019-02-11,271.2,271.49,270.03,270.64,270.64,57175393,0,1
2019-02-08,268.75,270.2874,267.83,270.08,270.08,63409417,0,1
2019-02-07,270.94,271.55,268.29,269.97,269.97,83380785,0,1
2019-02-06,272.79,273.34,271.92,272.7,272.7,43446324,0,1
2019-02-05,272.44,273.44,271.88,273.13,273.13,61540042,0,1
2019-02-04,270.11,271.8,269.36,271.78,271.78,46985797,0,1
2019-02-01,270.15,271.2,269.18,270.07,270.07,68194167,0,1
2019-01-31,267.51,270.47,267.27,270.2325,270.2325,73699733,0,1
2019-01-30,265.1,268.52,264.25,267.4625,267.4625,75091893,0,1
2019-01-29,263.92,264.55,262.48,263.31,263.31,54249161,0,1
2019-01-28,263.39,263.82,261.79,263.635,263.635,75207990,0,1
2019-01-25,265.61,266.7,263.6595,265.7,265.7,78094541,0,1
2019-01-24,263.21,264.2,262.08,263.69,263.69,48407752,0,1
2019-01-23,264.01,264.79,260.66,263.1,263.1,74195206,0,1
2019-01-22,264.82,265.06,261.06,261.97,261.97,88775864,0,1
2019-01-18,264.98,266.98,262.998,266.16,266.16,99666883,0,1
2019-01-17,260.01,263.92,259.96,262.88,262.88,79893207,0,1
2019-01-16,260.83,261.9666,260.6,260.94,260.94,59299089,0,1
2019-01-15,257.82,260.7,257.25,260.21,260.21,72130969,0,1
2019-01-14,256.86,258.3,256.41,257.69,257.69,51552561,0,1
2019-01-11,257.68,259.0098,257.03,258.76,258.76,60544770,0,1
2019-01-10,256.26,259.16,255.5,258.94,258.94,85909797,0,1
2019-01-09,257.56,258.91,241.4,257.71,257.71,77555720,0,1
2019-01-08,256.82,257.31,254.0,256.65,256.65,88864452,0,1
2019-01-07,252.69,255.95,251.69,254.4,254.4,88317608,0,1
2019-01-04,247.59,253.11,247.17,252.41,252.41,122528832,0,1
2019-01-03,248.23,248.57,244.03,244.46,244.46,113782919,0,1
2019-01-02,245.98,251.21,245.95,249.89,249.89,107236613,0,1
2018-12-31,249.56,250.16,247.47,248.55,248.55,100767777,0,1
2018-12-28,249.58,251.4,246.45,247.6899,247.6899,132250127,0,1
2018-12-27,242.57,248.01,238.96,248.01,248.01,159105665,0,1
2018-12-26,235.97,246.0,233.76,245.96,245.96,191221925,0,1
2018-12-24,239.04,240.8355,234.31,234.41,234.41,127577312,0,1
2018-12-21,246.74,249.71,239.98,240.73,240.73,210693307,0,1
2018-12-20,249.86,251.62,244.65,247.25,247.25,221564223,0,1
2018-12-19,255.17,259.4,249.35,251.19,251.19,195780833,0,1
2018-12-18,257.2,257.95,253.28,255.12,255.12,119045611,0,1
2018-12-17,259.4,260.68,253.525,255.1,255.1,144021435,0,1
2018-12-14,262.96,265.5126,259.85,260.5,260.5,102862203,0,1
2018-12-13,266.52,267.49,264.12,265.41,265.41,85184961,0,1
2018-12-12,267.47,269.0,264.0644,265.53,265.53,84864550,0,1
2018-12-11,267.66,267.87,262.48,264.1,264.1,110983363,0,1
2018-12-10,263.37,265.1613,258.62,264.07,264.07,143799899,0,1
2018-12-07,269.46,271.22,262.63,263.64,263.64,140570663,0,1
2018-12-06,265.92,270.3161,262.44,269.95,269.95,181383076,0,1
2018-12-04,278.37,279.2317,269.9,270.3,270.3,153458262,0,1
2018-12-03,280.28,280.4,277.505,279.25,279.25,86242190,0,1
2018-11-30,273.81,279.11,273.45,275.78,275.78,80116769,0,1
2018-11-29,273.71,275.55,272.43,273.93,273.93,69394238,0,1
2018-11-28,269.6,275.1,268.3272,274.5,274.5,111668695,0,1
2018-11-27,266.34,268.37,265.66,268.34,268.34,65180166,0,1
2018-11-26,265.78,268.2909,263.3652,267.46,267.46,67385154,0,1
2018-11-23,263.18,265.0662,263.07,263.34,263.34,36245484,0,1
2018-11-21,265.86,267.15,264.2527,265.08,265.08,64743156,0,1
2018-11-20,265.36,269.1,263.15,264.18,264.18,121173305,0,1
2018-11-19,273.05,273.6176,266.748,269.08,269.08,86509084,0,1
2018-11-16,271.79,276.0,271.21,273.68,273.68,107341090,0,1
2018-11-15,268.78,273.54,267.0102,273.07,273.07,118131123,0,1
2018-11-14,274.16,274.61,268.4499,270.13,270.13,113944238,0,1
2018-11-13,273.09,275.325,271.25,272.06,272.06,78846402,0,1
2018-11-12,277.15,277.46,271.99,272.49,272.49,78678065,0,1
2018-11-09,279.03,279.24,276.18,277.83,277.83,70577729,0,1
2018-11-08,280.14,281.22,279.22,280.44,280.44,49392193,0,1
2018-11-07,277.56,281.1,275.1398,280.91,280.91,84960994,0,1
2018-11-06,273.32,275.3,273.25,275.12,275.12,49731823,0,1
2018-11-05,272.44,274.01,271.35,273.38,273.38,55157537,0,1
2018-11-02,274.74,275.23,269.59,271.8,271.8,93545041,0,1
2018-11-01,271.62,273.73,270.38,273.51,273.51,72100016,0,1
2018-10-31,270.65,273.23,270.12,270.69,270.69,97427146,0,1
2018-10-30,263.67,268.12,263.12,267.81,267.81,122643325,0,1
2018-10-29,268.78,270.25,259.85,263.8,263.8,120705901,0,1
2018-10-26,265.92,271.0,262.29,265.29,265.29,161147868,0,1
2018-10-25,267.37,271.81,266.23,270.14,270.14,97215770,0,1
2018-10-24,273.33,273.76,264.7,265.22,265.22,130172487,0,1
2018-10-23,270.94,274.87,268.61,273.54,273.54,113790534,0,1
2018-10-22,277.0,277.36,274.41,275.06,275.06,64990700,0,1
2018-10-19,277.12,279.3,275.47,276.19,276.19,86816021,0,1
2018-10-18,279.4,280.07,274.97,276.47,276.47,106592503,0,1
2018-10-17,280.44,281.15,277.56,280.4,280.4,81740972,0,1
2018-10-16,276.57,280.82,276.07,280.3,280.3,75057478,0,1
2018-10-15,275.55,277.04,274.3,274.48,274.48,75385132,0,1
2018-10-12,276.77,277.09,272.37,276.01,276.01,130243220,0,1
2018-10-11,277.08,278.9,270.36,272.25,272.25,202752125,0,1
2018-10-10,286.83,286.91,277.88,278.17,278.17,151494009,0,1
2018-10-09,287.39,288.86,286.77,287.43,287.43,58656443,0,1
2018-10-08,287.04,288.22,285.5,287.8,287.8,67482921,0,1
2018-10-05,289.69,290.27,286.22,287.89,287.89,77118851,0,1
2018-10-04,291.18,291.24,287.66,289.47,289.47,85200164,0,1
2018-10-03,292.72,293.21,291.32,291.78,291.78,44874126,0,1
2018-10-02,291.56,292.355,291.14,291.57,291.57,36043833,0,1
2018-10-01,292.13,292.93,290.98,291.67,291.67,45685920,0,1
2018-09-28,289.99,291.28,289.95,290.61,290.61,49399177,0,1
2018-09-27,290.44,291.91,290.1,290.65,290.65,42099964,0,1
2018-09-26,290.92,292.24,289.41,289.84,289.84,53536102,0,1
2018-09-25,291.53,291.65,290.4833,290.7,290.7,30128907,0,1
2018-09-24,291.34,291.5,290.37,291.07,291.07,37585070,0,1
2018-09-21,293.09,293.22,291.81,292.01,292.01,45805544,0,1
2018-09-20,292.64,293.94,292.51,293.55,293.55,54097569,0,1
2018-09-19,290.97,291.69,290.825,291.25,291.25,34596543,0,1
2018-09-18,289.57,291.58,289.55,290.9,290.9,38573521,0,1
2018-09-17,290.82,290.86,289.03,289.34,289.34,43382137,0,1
2018-09-14,291.06,291.27,290.0,290.9,290.9,37322600,0,1
2018-09-13,290.32,291.0384,289.995,290.82,290.82,38536035,0,1
2018-09-12,289.06,289.8,288.23,289.16,289.16,46644377,0,1
2018-09-11,287.37,289.55,286.975,289.11,289.11,36335994,0,1
2018-09-10,288.76,289.04,287.88,288.09,288.09,32357518,0,1
2018-09-07,286.98,288.7,286.71,287.56,287.56,51317994,0,1
2018-09-06,289.15,289.49,287.0,288.2,288.2,50836252,0,1
2018-09-05,289.41,289.64,287.89,289.06,289.06,49432684,0,1
2018-09-04,289.84,290.21,288.68,289.87,289.87,43756351,0,1
2018-08-31,289.84,290.81,289.29,290.22,290.22,41574725,0,1
2018-08-30,290.94,291.36,289.63,290.24,290.24,46359182,0,1
2018-08-29,290.16,291.74,289.8854,291.47,291.47,38873854,0,1
2018-08-28,290.3,290.4175,289.4,289.88,289.88,31369031,0,1
2018-08-27,288.86,289.9,288.68,289.72,289.72,36802314,0,1
2018-08-24,286.44,287.67,286.38,287.5,287.5,40945048,0,1
2018-08-23,285.97,286.94,285.43,285.77,285.77,35732521,0,1
2018-08-22,285.88,286.76,285.575,286.2,286.2,32602524,0,1
2018-08-21,286.24,287.31,286.105,286.25,286.25,47719238,0,1
2018-08-20,285.57,285.97,285.06,285.71,285.71,27878971,0,1
2018-08-17,283.83,285.5601,283.37,285.02,285.02,43630918,0,1
2018-08-16,283.4,285.04,283.36,284.1,284.1,49048421,0,1
2018-08-15,282.38,282.54,280.16,281.76,281.76,76384638,0,1
2018-08-14,282.92,284.17,282.4833,283.86,283.86,32906829,0,1
2018-08-13,283.47,284.16,281.77,282.05,282.05,49247799,0,1
2018-08-10,283.45,284.055,282.36,283.12,283.12,56622478,0,1
2018-08-09,285.53,285.97,284.915,285.06,285.06,24338809,0,1
2018-08-08,285.39,285.91,284.94,285.42,285.42,29142601,0,1
2018-08-07,285.39,286.01,285.24,285.54,285.54,32455420,0,1
2018-08-06,283.56,284.99,283.2015,284.68,284.68,29906355,0,1
2018-08-03,282.53,283.65,282.33,283.64,283.64,34485363,0,1
2018-08-02,279.38,282.58,279.16,282.34,282.34,42491022,0,1
2018-08-01,281.56,282.13,280.1315,280.92,280.92,40627557,0,1
2018-07-31,280.81,282.02,280.38,281.22,281.22,48645613,0,1
2018-07-30,281.49,281.69,279.36,279.89,279.89,46935673,0,1
2018-07-27,283.71,283.82,280.38,281.46,281.46,57211361,0,1
2018-07-26,283.21,284.11,283.09,283.29,283.29,38319472,0,1
2018-07-25,281.33,284.37,281.28,284.13,284.13,50868250,0,1
2018-07-24,281.79,282.56,280.63,281.57,281.57,46684350,0,1
2018-07-23,279.45,280.43,279.06,280.24,280.24,34039725,0,1
2018-07-20,279.76,280.48,279.5,279.74,279.74,43292444,0,1
2018-07-19,280.31,280.74,279.46,280.01,280.01,44342606,0,1
2018-07-18,280.59,281.18,280.06,281.05,281.05,30022719,0,1
2018-07-17,278.47,280.91,278.41,280.5,280.5,39999168,0,1
2018-07-16,279.64,279.803,278.84,279.35,279.35,30340942,0,1
2018-07-13,279.19,279.93,278.66,279.57,279.57,37014795,0,1
2018-07-12,278.27,279.43,277.6,279.3,279.3,42796569,0,1
2018-07-11,277.14,278.04,276.52,276.91,276.91,56481952,0,1
2018-07-10,278.41,279.01,278.08,278.82,278.82,38072685,0,1
2018-07-09,276.55,277.96,276.5,277.89,277.89,32603309,0,1
2018-07-06,273.14,275.84,272.715,275.37,275.37,47009612,0,1
2018-07-05,272.16,273.18,270.96,273.09,273.09,41513039,0,1
2018-07-03,272.87,272.98,270.42,270.83,270.83,29950023,0,1
2018-07-02,269.51,272.04,269.24,271.94,271.94,48149141,0,1
2018-06-29,272.12,273.66,271.19,271.19,271.19,60807488,0,1
2018-06-28,269.29,271.75,268.49,270.95,270.95,60532404,0,1
2018-06-27,272.26,273.865,269.18,269.27,269.27,77192163,0,1
2018-06-26,271.64,272.56,270.79,271.55,271.55,55231458,0,1
2018-06-25,273.44,273.6162,269.1,271.01,271.01,98130121,0,1
2018-06-22,275.66,275.785,274.49,274.71,274.71,39703584,0,1
2018-06-21,275.96,275.98,273.68,274.23,274.23,52751183,0,1
2018-06-20,276.27,276.72,275.59,275.98,275.98,35048095,0,1
2018-06-19,274.0,275.75,273.53,275.51,275.51,60173577,0,1
2018-06-18,275.49,276.7,274.95,276.57,276.57,37265631,0,1
2018-06-15,276.6,277.51,275.35,277.2,277.2,59526413,0,1
2018-06-14,279.01,279.33,278.0599,278.72,278.72,44782863,0,1
2018-06-13,279.17,279.48,277.8,277.92,277.92,50645314,0,1
2018-06-12,279.03,279.33,278.19,278.98,278.98,46181857,0,1
2018-06-11,278.44,279.37,278.31,278.565,278.565,36491787,0,1
2018-06-08,276.85,278.25,276.66,278.2,278.2,43749957,0,1
2018-06-07,277.95,278.28,276.34,277.33,277.33,52005828,0,1
2018-06-06,275.81,277.52,275.09,277.5,277.5,42692098,0,1
2018-06-05,275.04,275.53,274.18,275.2,275.2,36061387,0,1
2018-06-04,274.52,275.185,274.26,274.9,274.9,34130417,0,1
2018-06-01,272.4,273.94,272.33,273.65,273.65,47904264,0,1
2018-05-31,272.16,272.49,270.255,270.74,270.74,63151207,0,1
2018-05-30,270.53,273.11,270.42,272.58,272.58,52248736,0,1
2018-05-29,270.31,271.17,267.76,269.1,269.1,80524183,0,1
2018-05-25,272.15,272.86,271.58,272.18,272.18,35476860,0,1
2018-05-24,272.92,273.22,270.78,272.85,272.85,51150719,0,1
2018-05-23,271.18,273.39,270.99,273.38,273.38,45201583,0,1
2018-05-22,273.96,274.25,272.24,272.56,272.56,39456475,0,1
2018-05-21,272.97,273.98,272.6,273.36,273.36,38373863,0,1
2018-05-18,271.62,272.03,270.93,271.34,271.34,38394595,0,1
2018-05-17,271.94,273.23,271.13,272.01,272.01,42955758,0,1
2018-05-16,271.11,272.76,271.1,272.21,272.21,35795468,0,1
2018-05-15,271.56,271.61,270.03,271.03,271.03,60612005,0,1
2018-05-14,273.34,274.08,272.36,272.92,272.92,39904030,0,1
2018-05-11,272.16,273.15,271.58,272.64,272.64,39420788,0,1
2018-05-10,270.35,272.39,269.5404,272.01,272.01,47735546,0,1
2018-05-09,267.68,269.865,267.09,269.44,269.44,45791251,0,1
2018-05-08,266.5,267.325,265.15,266.9,266.9,49927144,0,1
2018-05-07,266.9,268.02,266.11,266.9,266.9,41038098,0,1
2018-05-04,261.48,266.7892,261.15,266.0,266.0,60836486,0,1
2018-05-03,262.26,263.36,259.05,262.575,262.575,99237468,0,1
2018-05-02,264.76,265.68,262.76,263.2,263.2,57707909,0,1
2018-05-01,263.9,265.1,262.11,264.99,264.99,54741086,0,1
2018-04-30,267.24,267.89,264.43,264.45,264.45,54498462,0,1
2018-04-27,267.02,267.34,265.5,266.58,266.58,42807808,0,1
2018-04-26,264.79,267.2452,264.29,266.31,266.31,50268533,0,1
2018-04-25,262.91,264.13,260.85,263.57,263.57,70038158,0,1
2018-04-24,267.72,267.9762,261.28,263.03,263.03,92784662,0,1
2018-04-23,267.26,267.89,265.35,266.58,266.58,47669677,0,1
2018-04-20,268.81,269.06,265.61,266.63,266.63,63059766,0,1
2018-04-19,269.65,269.88,267.72,268.86,268.86,57829976,0,1
2018-04-18,270.69,271.3,269.87,270.37,270.37,38816394,0,1
2018-04-17,269.34,270.87,267.3087,270.15,270.15,43925299,0,1
2018-04-16,267.0,268.2,266.07,267.32,267.32,47200738,0,1
2018-04-13,267.41,267.54,264.01,265.16,265.16,64423982,0,1
2018-04-12,265.26,267.0,263.7436,265.91,265.91,56993917,0,1
2018-04-11,263.48,265.64,263.39,263.75,263.75,65639730,0,1
2018-04-10,264.27,266.04,262.98,265.14,265.14,82367232,0,1
2018-04-09,261.38,264.84,260.54,260.86,260.86,68296254,0,1
2018-04-06,263.42,265.11,258.0,259.8,259.8,125877631,0,1
2018-04-05,265.54,266.64,262.53,265.65,265.65,62798377,0,1
2018-04-04,256.73,264.355,256.6,263.83,263.83,95133231,0,1
2018-04-03,258.87,261.31,256.84,260.77,260.77,88849064,0,1
2018-04-02,262.56,263.13,254.67,257.53,257.53,126727740,0,1
2018-03-29,261.1,265.26,260.28,263.49,263.49,82896154,0,1
2018-03-28,260.75,262.64,258.58,259.84,259.84,105882176,0,1
2018-03-27,266.17,266.77,258.84,260.53,260.53,102512350,0,1
2018-03-26,262.13,265.43,259.41,265.17,265.17,88386559,0,1
2018-03-23,264.16,265.02,257.83,258.01,258.01,117338697,0,1
2018-03-22,267.91,268.87,263.36,263.67,263.67,105012105,0,1
2018-03-21,270.9,273.27,270.19,270.43,270.43,59831437,0,1
2018-03-20,270.93,271.67,270.18,270.94,270.94,38399686,0,1
2018-03-19,273.33,273.38,268.62,270.49,270.49,77851316,0,1
2018-03-16,274.48,275.39,274.16,274.19,274.19,43856748,0,1
2018-03-15,275.88,276.61,274.43,275.01,275.01,51163040,0,1
2018-03-14,277.81,278.02,274.67,275.27,275.27,67660149,0,1
2018-03-13,279.87,280.41,276.03,276.69,276.69,59188186,0,1
2018-03-12,279.2,279.91,278.0801,278.5,278.5,44169227,0,1
2018-03-09,275.7,278.85,275.34,278.82,278.82,61988372,0,1
2018-03-08,273.54,274.24,272.42,274.08,274.08,48124689,0,1
2018-03-07,270.44,273.18,270.2,272.8,272.8,64159156,0,1
2018-03-06,273.27,273.39,271.18,272.89,272.89,51979296,0,1
2018-03-05,267.73,272.89,267.61,272.21,272.21,65507643,0,1
2018-03-02,265.8,269.72,264.82,269.13,269.13,94402748,0,1
2018-03-01,271.41,273.17,266.0,267.73,267.73,131660848,0,1
2018-02-28,275.68,276.19,271.31,271.33,271.33,80872510,0,1
2018-02-27,278.11,278.92,274.36,274.38,274.38,69466207,0,1
2018-02-26,275.93,278.01,275.26,277.89,277.89,52845664,0,1
2018-02-23,271.81,274.7,271.25,274.69,274.69,54742759,0,1
2018-02-22,271.09,273.05,269.64,270.32,270.32,65771832,0,1
2018-02-21,271.9,274.72,269.98,270.0,270.0,67813909,0,1
2018-02-20,272.03,273.67,264.84,271.43,271.43,54829423,0,1
2018-02-16,272.31,275.32,272.27,273.09,273.09,76314679,0,1
2018-02-15,271.59,273.01,268.77,273.0,273.0,72021939,0,1
2018-02-14,264.47,270.0,263.97,269.71,269.71,86705860,0,1
2018-02-13,263.94,266.62,263.31,266.01,266.01,56891150,0,1
2018-02-12,263.87,267.01,261.88,265.26,265.26,99933794,0,1
2018-02-09,260.8,263.61,252.92,261.67,261.67,207357854,0,1
2018-02-08,267.97,268.17,257.59,257.72,257.72,156654099,0,1
2018-02-07,268.5,272.36,267.63,267.66,267.66,112819262,0,1
2018-02-06,259.99,269.7,254.12,269.18,269.18,232359323,0,1
2018-02-05,273.47,275.85,263.31,264.18,264.18,205971586,0,1
2018-02-02,280.08,280.23,275.41,275.52,275.52,121717871,0,1
2018-02-01,281.04,283.06,280.68,281.6,281.6,64693558,0,1
2018-01-31,282.73,283.3,280.68,281.91,281.91,76360186,0,1
2018-01-30,282.59,283.29,281.22,281.66,281.66,86366361,0,1
2018-01-29,285.97,286.43,284.5,284.68,284.68,60825439,0,1
2018-01-26,284.27,286.58,283.96,286.57,286.57,56613904,0,1
2018-01-25,284.16,284.27,282.405,283.28,283.28,51821059,0,1
2018-01-24,283.99,284.7,281.84,283.18,283.18,77334662,0,1
2018-01-23,282.74,283.62,282.37,283.26,283.26,53406595,0,1
2018-01-22,280.17,282.68,280.11,282.67,282.67,47776828,0,1
2018-01-19,279.8,280.4,279.14,280.38,280.38,55178145,0,1
2018-01-18,279.5,279.96,278.58,279.18,279.18,57402163,0,1
2018-01-17,278.04,280.05,277.19,279.61,279.61,62162956,0,1
2018-01-16,279.35,280.09,276.18,276.96,276.96,70240852,0,1
2018-01-12,276.42,278.11,276.27,277.91,277.91,53855427,0,1
2018-01-11,274.75,276.09,274.56,276.08,276.08,39159808,0,1
2018-01-10,273.69,274.42,272.92,274.1,274.1,41575815,0,1
2018-01-09,274.4,275.25,274.09,274.53,274.53,40421422,0,1
2018-01-08,273.31,274.1,272.98,273.93,273.93,33627800,0,1
2018-01-05,272.5,273.56,271.95,273.39,273.39,45782622,0,1
2018-01-04,271.21,272.16,271.1,271.63,271.63,47841096,0,1
2018-01-03,268.95,270.64,268.95,270.47,270.47,53141377,0,1
2018-01-02,267.84,268.81,267.4,268.8,268.8,50844678,0,1
2017-12-29,268.55,268.55,266.64,266.88,266.88,43875796,0,1
2017-12-28,267.85,267.92,267.45,267.86,267.86,23583584,0,1
2017-12-27,267.36,267.73,267.01,267.33,267.33,32573906,0,1
2017-12-26,267.06,267.39,266.885,267.17,267.17,24888478,0,1
2017-12-22,267.6,267.635,266.9,267.48,267.48,36604044,0,1
2017-12-21,267.73,268.385,267.3,267.57,267.57,34999954,0,1
2017-12-20,268.25,268.33,266.69,267.04,267.04,42133908,0,1
2017-12-19,268.48,268.53,267.09,267.22,267.22,46990895,0,1
2017-12-18,268.08,268.6,267.98,268.18,268.18,45691370,0,1
2017-12-15,265.45,267.04,265.39,266.53,266.53,59269913,0,1
2017-12-14,267.12,267.22,265.6,265.67,265.67,57343318,0,1
2017-12-13,267.06,267.56,266.65,266.73,266.73,48961663,0,1
2017-12-12,266.59,267.32,266.345,266.79,266.79,46482549,0,1
2017-12-11,265.57,266.38,265.49,266.34,266.34,38104278,0,1
2017-12-08,265.01,265.52,264.72,265.49,265.49,41139547,0,1
2017-12-07,263.09,264.43,262.94,264.04,264.04,40146879,0,1
2017-12-06,262.87,263.73,262.71,263.21,263.21,40844621,0,1
2017-12-05,264.43,265.15,263.04,263.2,263.2,60173712,0,1
2017-12-04,266.31,266.8,264.12,264.13,264.13,65845643,0,1
2017-12-01,264.77,265.31,260.76,264.44,264.44,129633023,0,1
2017-11-30,263.76,266.05,263.67,264.88,264.88,82186751,0,1
2017-11-29,263.02,263.63,262.2,262.73,262.73,51230764,0,1
2017-11-28,260.76,262.9,258.4,262.85,262.85,57806500,0,1
2017-11-27,260.41,260.75,260.0,260.26,260.26,29732937,0,1
2017-11-24,260.28,260.48,260.16,260.34,260.34,16323543,0,1
2017-11-22,260.03,260.15,259.57,259.77,259.77,27601406,0,1
2017-11-21,259.18,260.2,259.09,259.96,259.96,43517856,0,1
2017-11-20,258.14,258.525,257.86,258.29,258.29,29587185,0,1
2017-11-17,258.22,258.44,257.77,257.89,257.89,42081169,0,1
2017-11-16,257.52,259.04,257.4748,258.609,258.609,51840766,0,1
2017-11-15,256.62,257.22,255.63,256.43,256.43,55509843,0,1
2017-11-14,257.4,258.3581,256.52,257.75,257.75,41935632,0,1
2017-11-13,257.32,258.59,257.27,258.34,258.34,31963013,0,1
2017-11-10,257.73,258.21,257.37,258.08,258.08,35755951,0,1
2017-11-09,257.73,258.39,256.36,258.2,258.2,75322217,0,1
2017-11-08,258.46,259.22,258.15,259.13,259.13,32174191,0,1
2017-11-07,258.97,259.35,258.09,258.7,258.7,40140309,0,1
2017-11-06,258.29,259.0,258.22,258.82,258.82,22683758,0,1
2017-11-03,257.78,258.5,257.3,258.44,258.44,38008582,0,1
2017-11-02,257.41,257.75,256.19,257.61,257.61,42432046,0,1
2017-11-01,258.04,258.43,257.07,257.51,257.51,40454406,0,1
2017-10-31,257.18,257.44,256.805,257.11,257.11,35711419,0,1
2017-10-30,257.07,257.6,256.41,256.8,256.8,37073374,0,1
2017-10-27,256.5,257.89,256.16,257.68,257.68,49910859,0,1
2017-10-26,255.99,256.3,255.56,255.59,255.59,37718330,0,1
2017-10-25,256.19,256.31,254.0,255.3,255.3,72200254,0,1
2017-10-24,256.59,256.83,256.15,256.55,256.55,51308377,0,1
2017-10-23,257.48,257.51,256.02,256.15,256.15,36345830,0,1
2017-10-20,256.7,257.14,256.42,257.08,257.08,41153383,0,1
2017-10-19,254.82,255.82,254.35,255.82,255.82,41439302,0,1
2017-10-18,255.9,255.95,255.5,255.69,255.69,25173613,0,1
2017-10-17,255.24,255.52,254.98,255.46,255.46,23608473,0,1
2017-10-16,255.21,255.51,254.82,255.3,255.3,25720677,0,1
2017-10-13,255.14,255.27,254.64,254.91,254.91,33563533,0,1
2017-10-12,254.66,255.06,254.365,254.6,254.6,32195167,0,1
2017-10-11,254.51,255.02,254.32,255.0,255.0,24704274,0,1
2017-10-10,254.62,255.05,253.98,254.6,254.6,28248210,0,1
2017-10-09,254.63,254.7,253.65,253.96,253.96,23554888,0,1
2017-10-06,254.15,254.46,253.85,254.4,254.4,40706912,0,1
2017-10-05,253.51,254.68,253.4,254.64,254.64,45350955,0,1
2017-10-04,252.69,253.44,252.56,253.16,253.16,30217246,0,1
2017-10-03,252.46,252.89,252.23,252.85,252.85,33875099,0,1
2017-10-02,251.49,252.3,251.2926,252.29,252.29,37469184,0,1
2017-09-29,250.34,251.32,250.13,251.2,251.2,41410208,0,1
2017-09-28,249.73,250.44,249.63,250.34,250.34,25577234,0,1
2017-09-27,249.88,250.49,248.87,250.02,250.02,51473231,0,1
2017-09-26,249.42,249.7,248.805,249.05,249.05,36761208,0,1
2017-09-25,249.14,249.5532,248.08,248.94,248.94,42826453,0,1
2017-09-22,249.05,249.63,249.02,249.42,249.42,31078666,0,1
2017-09-21,249.89,249.98,249.185,249.4,249.4,29220256,0,1
2017-09-20,250.06,250.19,248.92,250.09,250.09,42770537,0,1
2017-09-19,250.0,250.07,249.6,249.97,249.97,25491201,0,1
2017-09-18,249.61,250.12,249.28,249.69,249.69,31002452,0,1
2017-09-15,248.69,249.29,248.57,249.25,249.25,41676476,0,1
2017-09-14,249.79,250.32,249.6,250.1,250.1,40831958,0,1
2017-09-13,249.73,250.21,249.59,250.18,250.18,30812116,0,1
2017-09-12,249.63,250.07,249.42,250.07,250.07,42765330,0,1
2017-09-11,248.04,249.3,248.02,249.17,249.17,48756933,0,1
2017-09-08,246.53,247.11,246.3,246.55,246.55,39326387,0,1
2017-09-07,247.26,247.27,246.4,246.89,246.89,38558992,0,1
2017-09-06,246.84,247.28,246.23,246.91,246.91,44577397,0,1
2017-09-05,247.24,247.52,244.95,246.1,246.1,66628408,0,1
2017-09-01,247.92,248.33,247.67,247.88,247.88,39588857,0,1
2017-08-31,246.73,247.77,246.61,247.42,247.42,52550897,0,1
2017-08-30,244.83,246.32,244.62,246.04,246.04,40088765,0,1
2017-08-29,243.11,245.15,242.93,244.85,244.85,40179210,0,1
2017-08-28,245.13,245.2,244.09,244.59,244.59,24811471,0,1
2017-08-25,244.9,245.61,244.39,244.54,244.54,44547887,0,1
2017-08-24,245.0,245.18,243.75,244.03,244.03,40579279,0,1
2017-08-23,244.35,245.05,244.16,244.538,244.538,33779990,0,1
2017-08-22,243.58,245.62,243.55,245.4,245.4,49424448,0,1
2017-08-21,242.64,243.2,241.83,242.93,242.93,47802190,0,1
2017-08-18,242.9,244.189,242.2,242.69,242.69,85934699,0,1
2017-08-17,246.24,246.6,243.1,243.13,243.13,89435117,0,1
2017-08-16,247.11,247.57,246.45,246.92,246.92,44955596,0,1
2017-08-15,246.98,247.0,246.16,246.53,246.53,35274867,0,1
2017-08-14,245.59,246.79,245.55,246.52,246.52,49018104,0,1
2017-08-11,244.02,244.8,243.75,244.11,244.11,56404847,0,1
2017-08-10,246.28,246.44,243.7,243.79,243.79,87857827,0,1
2017-08-09,246.47,247.31,246.06,247.23,247.23,48543032,0,1
2017-08-08,247.51,248.91,246.83,247.291,247.291,44619069,0,1
2017-08-07,247.49,247.87,247.37,247.85,247.85,20901988,0,1
2017-08-04,247.52,247.79,246.97,247.4,247.4,39150064,0,1
2017-08-03,247.31,247.34,246.64,246.98,246.98,29183144,0,1
2017-08-02,247.48,247.6,246.37,247.44,247.44,37129643,0,1
2017-08-01,247.46,247.5,246.716,247.309,247.309,33209109,0,1
2017-07-31,247.37,247.48,246.53,246.74,246.74,36235893,0,1
2017-07-28,246.65,247.06,246.13,246.9,246.9,36125701,0,1
2017-07-27,247.96,248.0,245.68,247.22,247.22,56602565,0,1
2017-07-26,247.75,247.79,247.13,247.45,247.45,34672798,0,1
2017-07-25,247.68,247.8,247.16,247.39,247.39,35678875,0,1
2017-07-24,246.79,246.98,246.28,246.81,246.81,28561213,0,1
2017-07-21,246.45,246.91,246.18,246.89,246.89,38750037,0,1
2017-07-20,247.28,247.42,246.47,247.07,247.07,33642116,0,1
2017-07-19,246.02,247.0,246.01,246.99,246.99,31007738,0,1
2017-07-18,245.06,245.72,244.67,245.69,245.69,31695494,0,1
2017-07-17,245.47,245.91,245.33,245.51,245.51,22378971,0,1
2017-07-14,244.42,245.97,244.31,245.54,245.54,40758038,0,1
2017-07-13,244.02,244.55,243.76,244.41,244.41,29889284,0,1
2017-07-12,243.3,244.2,243.3,243.98,243.98,38779965,0,1
2017-07-11,242.16,242.55,240.85,242.16,242.16,40900622,0,1
2017-07-10,241.95,242.8,241.76,242.36,242.36,27912725,0,1
2017-07-07,241.21,242.28,241.02,242.1,242.1,36831437,0,1
2017-07-06,241.88,242.03,240.34,240.58,240.58,52390161,0,1
2017-07-05,242.62,243.01,241.7,242.77,242.77,41067682,0,1
2017-07-03,242.91,243.38,242.29,242.32,242.32,27234078,0,1
2017-06-30,242.26,242.71,241.575,241.77,241.77,50347309,0,1
2017-06-29,243.66,243.72,239.955,241.39,241.39,87799860,0,1
2017-06-28,242.5,243.715,242.23,243.46,243.46,50076355,0,1
2017-06-27,243.04,243.38,241.31,241.36,241.36,60858189,0,1
2017-06-26,243.89,244.38,243.045,243.27,243.27,43153677,0,1
2017-06-23,242.91,243.51,242.47,243.16,243.16,45792641,0,1
2017-06-22,242.97,243.53,242.64,242.83,242.83,32991335,0,1
2017-06-21,243.43,243.59,242.41,242.95,242.95,42746920,0,1
2017-06-20,244.25,244.26,242.99,243.04,243.04,39203167,0,1
2017-06-19,243.59,244.73,243.48,244.64,244.64,42503652,0,1
2017-06-16,242.77,242.83,241.6337,242.63,242.63,48998243,0,1
2017-06-15,242.68,243.91,242.36,243.79,243.79,51523068,0,1
2017-06-14,244.86,244.87,243.29,244.26,244.26,55098826,0,1
2017-06-13,243.99,244.61,243.5799,244.52,244.52,43470532,0,1
2017-06-12,243.14,243.42,242.38,243.34,243.34,57096569,0,1
2017-06-09,244.09,245.01,241.95,243.45,243.45,103578275,0,1
2017-06-08,243.77,244.33,243.17,243.76,243.76,48051333,0,1
2017-06-07,243.6,243.92,242.83,243.65,243.65,38602639,0,1
2017-06-06,243.31,243.98,243.12,243.25,243.25,36562468,0,1
2017-06-05,243.98,244.3,243.76,243.965,243.965,27596403,0,1
2017-06-02,243.41,244.35,243.08,244.13,244.13,50298878,0,1
2017-06-01,241.96,243.34,241.64,243.32,243.32,50837868,0,1
2017-05-31,241.84,241.88,240.64,241.42,241.42,59140588,0,1
2017-05-30,241.33,241.79,241.16,241.52,241.52,28437351,0,1
2017-05-26,241.55,241.9,241.45,241.74,241.74,30002081,0,1
2017-05-25,241.2,242.08,240.96,241.71,241.71,45278321,0,1
2017-05-24,240.32,240.73,239.93,240.59,240.59,37423590,0,1
2017-05-23,239.95,240.24,239.51,240.02,240.02,36771135,0,1
2017-05-22,238.9,239.71,238.82,239.53,239.53,37630972,0,1
2017-05-19,237.33,239.08,237.27,238.3,238.3,69366163,0,1
2017-05-18,235.7,237.75,235.43,236.67,236.67,82965499,0,1
2017-05-17,238.1,238.64,235.75,235.85,235.85,118613594,0,1
2017-05-16,240.62,240.67,239.63,240.1,240.1,37206183,0,1
2017-05-15,239.47,240.44,239.45,240.245,240.245,42230620,0,1
2017-05-12,239.09,239.21,238.67,239.03,239.03,35283567,0,1
2017-05-11,239.35,239.57,238.13,239.41,239.41,45435690,0,1
2017-05-10,239.38,239.87,239.15,239.85,239.85,34222778,0,1
2017-05-09,239.96,240.19,239.04,239.46,239.46,39723891,0,1
2017-05-08,239.76,239.92,239.17,239.67,239.67,32087919,0,1
2017-05-05,239.18,239.72,238.68,239.72,239.72,43733544,0,1
2017-05-04,238.83,238.9225,237.78,238.75,238.75,46170233,0,1
2017-05-03,238.32,238.8775,237.7,238.52,238.52,47292627,0,1
2017-05-02,238.84,238.98,238.3,238.79,238.79,39563850,0,1
2017-05-01,238.69,239.17,238.195,238.65,238.65,38750688,0,1
2017-04-28,238.9,238.93,237.93,238.1,238.1,42264701,0,1
2017-04-27,238.78,238.95,237.98,238.61,238.61,39577860,0,1
2017-04-26,238.53,239.53,238.35,238.44,238.44,57950185,0,1
2017-04-25,237.91,238.95,237.81,238.53,238.53,55736881,0,1
2017-04-24,237.18,237.41,236.61,237.12,237.12,72965789,0,1
2017-04-21,235.25,235.31,234.13,234.59,234.59,54056385,0,1
2017-04-20,234.15,235.845,233.78,235.3,235.3,65462557,0,1
2017-04-19,234.52,234.95,233.18,233.47,233.47,53760209,0,1
2017-04-18,233.71,234.49,233.08,233.86,233.86,52786936,0,1
2017-04-17,233.11,234.57,232.88,234.57,234.57,46820072,0,1
2017-04-13,233.63,234.49,232.54,232.54,232.54,63216959,0,1
2017-04-12,234.74,234.96,233.77,234.1,234.1,55338215,0,1
2017-04-11,234.87,235.18,233.34,235.04,235.04,63951745,0,1
2017-04-10,235.36,236.255,234.73,235.32,235.32,46610548,0,1
2017-04-07,235.15,236.0,234.64,235.17,235.17,53293901,0,1
2017-04-06,234.95,236.04,234.425,235.39,235.39,53559902,0,1
2017-04-05,236.26,237.39,234.54,234.77,234.77,84819899,0,1
2017-04-04,235.0,235.58,234.555,235.51,235.51,43130784,0,1
2017-04-03,235.8,236.03,233.91,235.37,235.37,58627715,0,1
